60,-10,32.51
120,-10,32.37
180,-10,33.67
240,-10,32.42
300,-10,33.33
360,-10,33.65
420,-10,32.8
480,-10,33.58
540,-10,32.71
600,-10,33.71
660,-10,32.4
720,-10,32.82
780,-10,33.36
840,-10,33.54
900,-10,33.37
960,-10,32.58
1020,-10,33.98
1080,-10,33.38
1140,-10,33.05
1200,-10,33.44
1260,-10,32.78
1320,-10,33.25
1380,-10,33.76
1440,-10,32.75
1500,-10,32.46
1560,-10,32.68
1620,-10,33.1
1680,-10,34.15
1740,-10,32.36
1800,-10,33.3
1860,-10,33.5
1920,-10,33.43
1980,-10,32.92
2040,-10,33.43
2100,-10,32.9
2160,-10,33
2220,-10,33.12
2280,-10,33.21
2340,-10,33.73
2400,-10,32.79
2460,-10,32.82
2520,-10,32.84
2580,-10,32.81
2640,-10,34.05
2700,-10,33.18
2760,-10,34.04
2820,-10,33.31
2880,-10,33.06
2940,-10,33.31
3000,-10,33.15
3060,-10,32.49
3120,-10,33.38
3180,-10,33.33
3240,-10,33.34
3300,-10,32.9
3360,-10,33.07
3420,-10,32.81
3480,-10,33.88
3540,-10,32.88
3600,-10,34.22
3660,-10,33.4
3720,-10,32.64
3780,-10,32.41
3840,-10,32.3
3900,-10,32.39
3960,-10,34.36
4020,-10,33.53
4080,-10,32.74
4140,-10,33.75
4200,-10,33.27
4260,-10,33.58
4320,-10,32.87
4380,-10,31.99
4440,-10,33.29
4500,-10,32.05
4560,-10,32.77
4620,-10,32.49
4680,-10,33.36
4740,-10,33.95
4800,-10,32.83
4860,-10,32.65
4920,-10,32.74
4980,-10,33.52
5040,-10,33.9
5100,-10,33.31
5160,-10,32.56
5220,-10,32.44
5280,-10,32.98
5340,-10,33.28
5400,-10,32.72
5460,-10,32.52
5520,-10,33.51
5580,-10,33.05
5640,-10,33.51
5700,-10,32.94
5760,-10,33.53
5820,-10,32.5
5880,-10,32.52
5940,-10,33.24
6000,-10,32.1
6060,-10,33.13
6120,-10,33.13
6180,-10,32.39
6240,-10,32.33
6300,-10,32.95
6360,-10,33.13
6420,-10,33.5
6480,-10,32.87
6540,-10,33.93
6600,-10,32.84
6660,-10,33.94
6720,-10,33.05
6780,-10,32.09
6840,-10,32.46
6900,-10,32.65
6960,-10,32.67
7020,-10,32.6
7080,-10,33.23
7140,-10,32.64
7200,-10,33.39
7260,-10,34.04
7320,-10,34.08
7380,-10,33.67
7440,-10,34.59
7500,-10,33.38
7560,-10,32.52
7620,-10,32.58
7680,-10,33.35
7740,-10,33.99
7800,-10,32.71
7860,-10,32.85
7920,-10,33.49
7980,-10,33.91
8040,-10,33.25
8100,-10,33.14
8160,-10,32.53
8220,-10,33.24
8280,-10,33.51
8340,-10,32.88
8400,-10,31.56
8460,-10,33.38
8520,-10,32.21
8580,-10,33.13
8640,-10,33.61
8700,-10,32.81
8760,-10,32.61
8820,-10,33.11
8880,-10,33.05
8940,-10,33.58
9000,-10,32.94
9060,-10,33.45
9120,-10,32.29
9180,-10,32.43
9240,-10,32.49
9300,-10,32.95
9360,-10,33.79
9420,-10,32.44
9480,-10,32.98
9540,-10,32.9
9600,-10,33.07
9660,-10,33.38
9720,-10,33.09
9780,-10,31.49
9840,-10,32.57
9900,-10,32.61
9960,-10,33.21
10020,-10,32.64
10080,-10,31.8
10140,-10,32.23
10200,-10,33.91
10260,-10,32.73
10320,-10,32.9
10380,-10,32.71
10440,-10,33.37
10500,-10,34.02
10560,-10,33.83
10620,-10,32.29
10680,-10,32.89
10740,-10,32.69
10800,-10,32.07
10860,-10,34.12
10920,-10,33.4
10980,-10,32.72
11040,-10,32.4
11100,-10,34.32
11160,-10,32.41
11220,-10,34.14
11280,-10,33.41
11340,-10,32.33
11400,-10,33.57
11460,-10,32.74
11520,-10,33.58
11580,-10,32.6
11640,-10,32.9
11700,-10,33.63
11760,-10,33
11820,-10,32.41
11880,-10,32.93
11940,-10,32.89
12000,-10,32.73
12060,-10,32.02
12120,-10,32.72
12180,-10,34.2
12240,-10,32.99
12300,-10,32.95
12360,-10,33.84
12420,-10,32.29
12480,-10,34.15
12540,-10,33.06
12600,-10,33.25
12660,-10,32.76
12720,-10,32.63
12780,-10,32.8
12840,-10,32.55
12900,-10,32.84
12960,-10,32.7
13020,-10,32.54
13080,-10,32.18
13140,-10,33.35
13200,-10,33.07
13260,-10,33.65
13320,-10,33.6
13380,-10,33.96
13440,-10,33.56
13500,-10,33.12
13560,-10,33.16
13620,-10,32.16
13680,-10,33.69
13740,-10,33.23
13800,-10,32.91
13860,-10,33.06
13920,-10,33.61
13980,-10,33.65
14040,-10,33.69
14100,-10,33.01
14160,-10,33.07
14220,-10,33.02
14280,-10,34.46
14340,-10,33.61
14365,-10,32.34
60,-9,32.72
120,-9,32.52
180,-9,33.9
240,-9,32.55
300,-9,33.51
360,-9,33.85
420,-9,32.92
480,-9,33.72
540,-9,32.82
600,-9,34.07
660,-9,32.53
720,-9,32.97
780,-9,33.6
840,-9,33.74
900,-9,33.53
960,-9,32.89
1020,-9,33.98
1080,-9,33.46
1140,-9,33.24
1200,-9,33.62
1260,-9,33
1320,-9,33.5
1380,-9,33.97
1440,-9,32.73
1500,-9,32.59
1560,-9,32.69
1620,-9,33.3
1680,-9,34.3
1740,-9,32.35
1800,-9,33.5
1860,-9,33.69
1920,-9,33.53
1980,-9,33.11
2040,-9,33.63
2100,-9,33.09
2160,-9,33.12
2220,-9,33.32
2280,-9,33.4
2340,-9,33.87
2400,-9,32.83
2460,-9,32.94
2520,-9,33.1
2580,-9,32.91
2640,-9,34.37
2700,-9,33.43
2760,-9,34.22
2820,-9,33.54
2880,-9,33.21
2940,-9,33.48
3000,-9,33.36
3060,-9,32.68
3120,-9,33.58
3180,-9,33.45
3240,-9,33.56
3300,-9,33.12
3360,-9,33.26
3420,-9,32.91
3480,-9,34.14
3540,-9,33.02
3600,-9,34.54
3660,-9,33.47
3720,-9,32.8
3780,-9,32.52
3840,-9,32.31
3900,-9,32.3
3960,-9,34.51
4020,-9,33.97
4080,-9,32.59
4140,-9,33.94
4200,-9,33.55
4260,-9,33.7
4320,-9,32.85
4380,-9,32.14
4440,-9,33.49
4500,-9,32.16
4560,-9,32.8
4620,-9,32.61
4680,-9,33.62
4740,-9,34.1
4800,-9,32.98
4860,-9,32.81
4920,-9,32.86
4980,-9,33.71
5040,-9,34.13
5100,-9,33.53
5160,-9,32.59
5220,-9,32.7
5280,-9,33.09
5340,-9,33.46
5400,-9,32.68
5460,-9,32.55
5520,-9,33.66
5580,-9,33.25
5640,-9,33.64
5700,-9,33.14
5760,-9,33.77
5820,-9,32.61
5880,-9,32.64
5940,-9,33.4
6000,-9,32.08
6060,-9,33.18
6120,-9,33.3
6180,-9,32.55
6240,-9,32.39
6300,-9,33.06
6360,-9,33.31
6420,-9,33.85
6480,-9,33.08
6540,-9,34.34
6600,-9,33.03
6660,-9,34.67
6720,-9,32.86
6780,-9,32.12
6840,-9,32.51
6900,-9,32.68
6960,-9,32.52
7020,-9,33.1
7080,-9,33.32
7140,-9,32.71
7200,-9,33.67
7260,-9,34.31
7320,-9,34.29
7380,-9,33.98
7440,-9,34.99
7500,-9,33.58
7560,-9,32.43
7620,-9,32.73
7680,-9,33.38
7740,-9,34.34
7800,-9,32.8
7860,-9,33.01
7920,-9,33.85
7980,-9,34.33
8040,-9,33.52
8100,-9,33.34
8160,-9,32.69
8220,-9,33.45
8280,-9,33.86
8340,-9,33.08
8400,-9,31.75
8460,-9,33.67
8520,-9,32.27
8580,-9,33.26
8640,-9,33.76
8700,-9,32.89
8760,-9,32.6
8820,-9,33.36
8880,-9,33.3
8940,-9,33.76
9000,-9,33.19
9060,-9,33.61
9120,-9,32.4
9180,-9,32.48
9240,-9,32.33
9300,-9,33.11
9360,-9,33.93
9420,-9,32.55
9480,-9,33.06
9540,-9,33.01
9600,-9,33.21
9660,-9,33.49
9720,-9,33.08
9780,-9,31.88
9840,-9,32.74
9900,-9,32.79
9960,-9,33.27
10020,-9,32.68
10080,-9,31.8
10140,-9,32.29
10200,-9,34.23
10260,-9,32.87
10320,-9,33.08
10380,-9,32.75
10440,-9,33.54
10500,-9,34.32
10560,-9,34.03
10620,-9,32.43
10680,-9,33.09
10740,-9,32.78
10800,-9,32.13
10860,-9,34.35
10920,-9,33.48
10980,-9,33.15
11040,-9,32.47
11100,-9,34.68
11160,-9,32.59
11220,-9,34.41
11280,-9,33.62
11340,-9,32.44
11400,-9,33.81
11460,-9,32.88
11520,-9,33.86
11580,-9,32.74
11640,-9,33.13
11700,-9,33.79
11760,-9,33.15
11820,-9,32.53
11880,-9,33.18
11940,-9,33.09
12000,-9,32.73
12060,-9,32.03
12120,-9,32.79
12180,-9,34.49
12240,-9,33.11
12300,-9,33.11
12360,-9,34.03
12420,-9,32.44
12480,-9,34.45
12540,-9,33.18
12600,-9,33.42
12660,-9,32.96
12720,-9,32.74
12780,-9,32.84
12840,-9,32.65
12900,-9,32.96
12960,-9,32.76
13020,-9,32.63
13080,-9,32.2
13140,-9,33.46
13200,-9,33.19
13260,-9,33.73
13320,-9,33.97
13380,-9,34.16
13440,-9,33.77
13500,-9,33.42
13560,-9,33.26
13620,-9,32.59
13680,-9,33.49
13740,-9,33.31
13800,-9,33.11
13860,-9,33.16
13920,-9,33.79
13980,-9,33.88
14040,-9,33.66
14100,-9,33.24
14160,-9,33.25
14220,-9,33.29
14280,-9,34.77
14340,-9,33.87
14365,-9,32.35
60,-8,32.84
120,-8,32.63
180,-8,34.12
240,-8,32.68
300,-8,33.65
360,-8,33.99
420,-8,33.05
480,-8,33.84
540,-8,32.89
600,-8,34.42
660,-8,32.64
720,-8,33.13
780,-8,33.78
840,-8,33.92
900,-8,33.65
960,-8,33.02
1020,-8,34.15
1080,-8,33.89
1140,-8,33.12
1200,-8,33.74
1260,-8,33.15
1320,-8,33.75
1380,-8,34.1
1440,-8,32.72
1500,-8,32.71
1560,-8,32.69
1620,-8,33.47
1680,-8,34.39
1740,-8,32.34
1800,-8,33.54
1860,-8,33.91
1920,-8,33.56
1980,-8,33.28
2040,-8,33.82
2100,-8,33.18
2160,-8,33.2
2220,-8,33.43
2280,-8,33.57
2340,-8,33.93
2400,-8,32.83
2460,-8,33.04
2520,-8,33.3
2580,-8,33.01
2640,-8,34.66
2700,-8,33.61
2760,-8,34.36
2820,-8,33.73
2880,-8,33.26
2940,-8,33.61
3000,-8,33.47
3060,-8,32.8
3120,-8,33.71
3180,-8,33.5
3240,-8,33.73
3300,-8,33.33
3360,-8,33.42
3420,-8,32.92
3480,-8,34.32
3540,-8,33.15
3600,-8,34.79
3660,-8,33.54
3720,-8,32.98
3780,-8,32.58
3840,-8,32.3
3900,-8,32.4
3960,-8,34.7
4020,-8,34.15
4080,-8,32.56
4140,-8,34.24
4200,-8,33.64
4260,-8,33.83
4320,-8,32.86
4380,-8,32.28
4440,-8,33.67
4500,-8,32.19
4560,-8,32.79
4620,-8,32.75
4680,-8,33.84
4740,-8,34.24
4800,-8,33.25
4860,-8,32.82
4920,-8,32.92
4980,-8,33.86
5040,-8,34.32
5100,-8,33.66
5160,-8,32.56
5220,-8,32.87
5280,-8,33.13
5340,-8,33.56
5400,-8,32.78
5460,-8,32.6
5520,-8,33.79
5580,-8,33.32
5640,-8,33.7
5700,-8,33.23
5760,-8,33.93
5820,-8,32.74
5880,-8,32.75
5940,-8,33.38
6000,-8,32.09
6060,-8,33.32
6120,-8,33.28
6180,-8,32.69
6240,-8,32.45
6300,-8,33.1
6360,-8,33.47
6420,-8,34.18
6480,-8,33.29
6540,-8,34.73
6600,-8,33.15
6660,-8,34.93
6720,-8,32.86
6780,-8,32.1
6840,-8,32.56
6900,-8,32.72
6960,-8,32.58
7020,-8,33.26
7080,-8,33.36
7140,-8,32.79
7200,-8,33.8
7260,-8,34.55
7320,-8,34.4
7380,-8,34.2
7440,-8,35.3
7500,-8,33.78
7560,-8,32.48
7620,-8,32.87
7680,-8,33.48
7740,-8,34.65
7800,-8,32.86
7860,-8,33.13
7920,-8,34.21
7980,-8,34.75
8040,-8,33.8
8100,-8,33.59
8160,-8,32.55
8220,-8,33.7
8280,-8,34.17
8340,-8,33.26
8400,-8,31.9
8460,-8,33.88
8520,-8,32.28
8580,-8,33.27
8640,-8,33.86
8700,-8,32.9
8760,-8,32.58
8820,-8,33.55
8880,-8,33.5
8940,-8,33.89
9000,-8,33.41
9060,-8,33.72
9120,-8,32.52
9180,-8,32.53
9240,-8,32.23
9300,-8,33.21
9360,-8,34
9420,-8,32.65
9480,-8,33.14
9540,-8,33.07
9600,-8,33.24
9660,-8,33.58
9720,-8,33.26
9780,-8,31.92
9840,-8,32.92
9900,-8,32.68
9960,-8,33.51
10020,-8,32.67
10080,-8,31.79
10140,-8,32.33
10200,-8,34.43
10260,-8,32.97
10320,-8,33.18
10380,-8,32.75
10440,-8,33.66
10500,-8,34.61
10560,-8,34.07
10620,-8,32.52
10680,-8,33.29
10740,-8,32.91
10800,-8,32.24
10860,-8,34.57
10920,-8,33.65
10980,-8,33.26
11040,-8,32.54
11100,-8,35.04
11160,-8,32.66
11220,-8,34.64
11280,-8,33.81
11340,-8,32.47
11400,-8,33.98
11460,-8,32.95
11520,-8,34.05
11580,-8,32.87
11640,-8,33.32
11700,-8,33.92
11760,-8,33.34
11820,-8,32.49
11880,-8,33.42
11940,-8,33.18
12000,-8,32.72
12060,-8,32.03
12120,-8,32.86
12180,-8,34.71
12240,-8,33.19
12300,-8,33.22
12360,-8,34.16
12420,-8,32.5
12480,-8,34.65
12540,-8,33.26
12600,-8,33.58
12660,-8,33.07
12720,-8,32.84
12780,-8,32.88
12840,-8,32.75
12900,-8,33
12960,-8,32.84
13020,-8,32.68
13080,-8,32.2
13140,-8,33.53
13200,-8,33.3
13260,-8,33.8
13320,-8,34.27
13380,-8,34.36
13440,-8,33.95
13500,-8,33.56
13560,-8,33.38
13620,-8,32.66
13680,-8,33.6
13740,-8,33.37
13800,-8,33.2
13860,-8,33.26
13920,-8,33.93
13980,-8,34.09
14040,-8,33.73
14100,-8,33.32
14160,-8,33.41
14220,-8,33.52
14280,-8,35.05
14340,-8,34.09
14365,-8,32.34
60,-7,32.93
120,-7,32.73
180,-7,34.36
240,-7,32.79
300,-7,33.76
360,-7,34.07
420,-7,33.09
480,-7,33.97
540,-7,32.96
600,-7,34.75
660,-7,32.74
720,-7,33.28
780,-7,33.9
840,-7,34.04
900,-7,33.73
960,-7,33.13
1020,-7,34.28
1080,-7,33.96
1140,-7,33.19
1200,-7,33.84
1260,-7,33.3
1320,-7,33.85
1380,-7,34.23
1440,-7,32.73
1500,-7,32.81
1560,-7,32.69
1620,-7,33.54
1680,-7,34.46
1740,-7,32.34
1800,-7,33.63
1860,-7,33.92
1920,-7,33.62
1980,-7,33.48
2040,-7,33.96
2100,-7,33.24
2160,-7,33.23
2220,-7,33.53
2280,-7,33.66
2340,-7,33.99
2400,-7,32.84
2460,-7,33.11
2520,-7,33.45
2580,-7,33.05
2640,-7,34.93
2700,-7,33.67
2760,-7,34.49
2820,-7,33.9
2880,-7,33.35
2940,-7,33.71
3000,-7,33.46
3060,-7,32.91
3120,-7,33.78
3180,-7,33.51
3240,-7,33.89
3300,-7,33.49
3360,-7,33.62
3420,-7,32.91
3480,-7,34.49
3540,-7,33.27
3600,-7,35.04
3660,-7,33.6
3720,-7,33.09
3780,-7,32.62
3840,-7,32.29
3900,-7,32.46
3960,-7,34.84
4020,-7,34.25
4080,-7,32.53
4140,-7,34.36
4200,-7,33.75
4260,-7,34.19
4320,-7,32.69
4380,-7,32.7
4440,-7,33.35
4500,-7,32.25
4560,-7,32.79
4620,-7,32.86
4680,-7,33.82
4740,-7,34.34
4800,-7,33.39
4860,-7,32.86
4920,-7,32.94
4980,-7,33.92
5040,-7,34.51
5100,-7,33.73
5160,-7,32.56
5220,-7,33
5280,-7,33.11
5340,-7,33.61
5400,-7,32.87
5460,-7,32.64
5520,-7,33.92
5580,-7,33.35
5640,-7,33.78
5700,-7,33.37
5760,-7,34.07
5820,-7,32.8
5880,-7,32.79
5940,-7,33.4
6000,-7,32.08
6060,-7,33.4
6120,-7,33.27
6180,-7,32.78
6240,-7,32.5
6300,-7,33.08
6360,-7,33.58
6420,-7,34.43
6480,-7,33.45
6540,-7,35.06
6600,-7,33.26
6660,-7,35.17
6720,-7,32.86
6780,-7,32.1
6840,-7,32.62
6900,-7,32.79
6960,-7,32.61
7020,-7,33.39
7080,-7,33.44
7140,-7,32.83
7200,-7,33.87
7260,-7,34.83
7320,-7,34.52
7380,-7,34.27
7440,-7,35.55
7500,-7,34.06
7560,-7,32.64
7620,-7,33.01
7680,-7,33.62
7740,-7,34.93
7800,-7,32.92
7860,-7,33.22
7920,-7,34.45
7980,-7,35.13
8040,-7,34.06
8100,-7,33.84
8160,-7,32.71
8220,-7,33.76
8280,-7,34.46
8340,-7,33.47
8400,-7,32.04
8460,-7,34.08
8520,-7,32.28
8580,-7,33.23
8640,-7,33.9
8700,-7,32.9
8760,-7,32.58
8820,-7,33.67
8880,-7,33.72
8940,-7,33.98
9000,-7,33.59
9060,-7,33.86
9120,-7,32.67
9180,-7,32.59
9240,-7,32.23
9300,-7,33.28
9360,-7,34.07
9420,-7,32.76
9480,-7,33.2
9540,-7,33.08
9600,-7,33.29
9660,-7,33.62
9720,-7,33.35
9780,-7,31.96
9840,-7,33
9900,-7,32.79
9960,-7,33.51
10020,-7,32.66
10080,-7,31.8
10140,-7,32.38
10200,-7,34.54
10260,-7,33.1
10320,-7,33.21
10380,-7,32.71
10440,-7,33.78
10500,-7,34.82
10560,-7,34.15
10620,-7,32.65
10680,-7,33.48
10740,-7,32.97
10800,-7,32.35
10860,-7,34.64
10920,-7,33.94
10980,-7,33.39
11040,-7,32.57
11100,-7,35.37
11160,-7,32.71
11220,-7,34.83
11280,-7,34
11340,-7,32.5
11400,-7,34.07
11460,-7,33.03
11520,-7,34.14
11580,-7,32.96
11640,-7,33.51
11700,-7,34.02
11760,-7,33.47
11820,-7,32.27
11880,-7,33.61
11940,-7,33.28
12000,-7,32.72
12060,-7,32.02
12120,-7,32.9
12180,-7,34.84
12240,-7,33.25
12300,-7,33.32
12360,-7,34.24
12420,-7,32.77
12480,-7,34.74
12540,-7,33.22
12600,-7,33.65
12660,-7,33.15
12720,-7,32.87
12780,-7,32.93
12840,-7,32.84
12900,-7,33.07
12960,-7,32.88
13020,-7,32.76
13080,-7,32.18
13140,-7,33.53
13200,-7,33.35
13260,-7,33.89
13320,-7,34.42
13380,-7,34.46
13440,-7,34.07
13500,-7,33.65
13560,-7,33.48
13620,-7,32.69
13680,-7,33.31
13740,-7,33.42
13800,-7,33.2
13860,-7,33.27
13920,-7,34.04
13980,-7,34.26
14040,-7,33.94
14100,-7,33.36
14160,-7,33.47
14220,-7,33.72
14280,-7,35.27
14340,-7,34.36
14365,-7,33.02
60,-6,32.75
120,-6,33.06
180,-6,34.47
240,-6,32.92
300,-6,33.83
360,-6,34.1
420,-6,33.1
480,-6,34.05
540,-6,32.99
600,-6,34.98
660,-6,32.77
720,-6,33.39
780,-6,34
840,-6,34.15
900,-6,33.85
960,-6,33.29
1020,-6,34.37
1080,-6,34.03
1140,-6,33.2
1200,-6,34.06
1260,-6,33.4
1320,-6,33.92
1380,-6,34.32
1440,-6,32.7
1500,-6,32.94
1560,-6,32.69
1620,-6,33.58
1680,-6,34.49
1740,-6,32.34
1800,-6,33.65
1860,-6,33.9
1920,-6,33.64
1980,-6,33.61
2040,-6,34.09
2100,-6,33.23
2160,-6,33.26
2220,-6,33.63
2280,-6,33.74
2340,-6,34.02
2400,-6,32.84
2460,-6,33.14
2520,-6,33.5
2580,-6,33.09
2640,-6,35.22
2700,-6,33.72
2760,-6,34.58
2820,-6,34.16
2880,-6,33.31
2940,-6,33.85
3000,-6,33.46
3060,-6,33.01
3120,-6,33.77
3180,-6,33.5
3240,-6,34.07
3300,-6,33.51
3360,-6,33.78
3420,-6,32.89
3480,-6,34.66
3540,-6,33.34
3600,-6,35.24
3660,-6,33.65
3720,-6,33.2
3780,-6,32.65
3840,-6,32.3
3900,-6,32.52
3960,-6,34.94
4020,-6,34.36
4080,-6,32.47
4140,-6,34.49
4200,-6,33.8
4260,-6,34.25
4320,-6,32.67
4380,-6,32.76
4440,-6,33.38
4500,-6,32.28
4560,-6,32.75
4620,-6,32.99
4680,-6,33.97
4740,-6,34.43
4800,-6,33.52
4860,-6,32.86
4920,-6,32.98
4980,-6,33.83
5040,-6,34.66
5100,-6,33.81
5160,-6,32.56
5220,-6,33.22
5280,-6,32.99
5340,-6,33.67
5400,-6,32.92
5460,-6,32.69
5520,-6,34.04
5580,-6,33.42
5640,-6,33.83
5700,-6,33.87
5760,-6,33.76
5820,-6,32.84
5880,-6,32.82
5940,-6,33.39
6000,-6,32.07
6060,-6,33.45
6120,-6,33.18
6180,-6,32.95
6240,-6,32.57
6300,-6,33.08
6360,-6,33.69
6420,-6,34.63
6480,-6,33.49
6540,-6,35.1
6600,-6,33.74
6660,-6,35.33
6720,-6,32.86
6780,-6,32.09
6840,-6,32.66
6900,-6,32.86
6960,-6,32.6
7020,-6,33.45
7080,-6,33.48
7140,-6,32.91
7200,-6,33.84
7260,-6,34.99
7320,-6,34.66
7380,-6,34.27
7440,-6,35.77
7500,-6,34.23
7560,-6,32.69
7620,-6,33.16
7680,-6,33.65
7740,-6,35.26
7800,-6,32.91
7860,-6,33.31
7920,-6,34.61
7980,-6,35.5
8040,-6,34.24
8100,-6,34.06
8160,-6,32.85
8220,-6,33.85
8280,-6,34.68
8340,-6,33.65
8400,-6,32.19
8460,-6,34.25
8520,-6,32.28
8580,-6,33.22
8640,-6,33.97
8700,-6,32.89
8760,-6,32.6
8820,-6,33.77
8880,-6,33.8
8940,-6,34.06
9000,-6,33.73
9060,-6,33.9
9120,-6,32.79
9180,-6,32.63
9240,-6,32.26
9300,-6,33.34
9360,-6,34.12
9420,-6,32.85
9480,-6,33.23
9540,-6,33.1
9600,-6,33.38
9660,-6,33.71
9720,-6,33.35
9780,-6,32.01
9840,-6,33.04
9900,-6,32.92
9960,-6,33.48
10020,-6,32.66
10080,-6,31.78
10140,-6,32.39
10200,-6,34.62
10260,-6,33.21
10320,-6,33.27
10380,-6,32.71
10440,-6,33.88
10500,-6,34.95
10560,-6,34.19
10620,-6,32.75
10680,-6,33.61
10740,-6,33.03
10800,-6,32.38
10860,-6,34.78
10920,-6,33.96
10980,-6,33.45
11040,-6,32.58
11100,-6,35.61
11160,-6,32.78
11220,-6,35
11280,-6,34.16
11340,-6,32.53
11400,-6,34.16
11460,-6,33.08
11520,-6,34.17
11580,-6,33.02
11640,-6,33.61
11700,-6,34.15
11760,-6,33.54
11820,-6,32.35
11880,-6,33.78
11940,-6,33.62
12000,-6,32.55
12060,-6,32.02
12120,-6,32.97
12180,-6,34.91
12240,-6,33.24
12300,-6,33.42
12360,-6,34.35
12420,-6,32.83
12480,-6,34.82
12540,-6,33.11
12600,-6,33.7
12660,-6,33.2
12720,-6,32.94
12780,-6,32.99
12840,-6,32.96
12900,-6,33.11
12960,-6,32.93
13020,-6,32.76
13080,-6,32.17
13140,-6,33.5
13200,-6,33.39
13260,-6,33.93
13320,-6,34.47
13380,-6,34.5
13440,-6,34.13
13500,-6,33.71
13560,-6,33.58
13620,-6,32.77
13680,-6,33.32
13740,-6,33.51
13800,-6,33.23
13860,-6,33.25
13920,-6,34.17
13980,-6,34.41
14040,-6,34.15
14100,-6,33.43
14160,-6,33.51
14220,-6,33.89
14280,-6,35.39
14340,-6,34.51
14365,-6,33.04
60,-5,32.78
120,-5,33.12
180,-5,34.82
240,-5,32.96
300,-5,33.86
360,-5,34.09
420,-5,33.1
480,-5,34.06
540,-5,33.05
600,-5,35.2
660,-5,32.76
720,-5,33.52
780,-5,34.12
840,-5,34.21
900,-5,33.89
960,-5,33.41
1020,-5,34.51
1080,-5,34.09
1140,-5,33.18
1200,-5,34.22
1260,-5,33.46
1320,-5,34
1380,-5,34.35
1440,-5,32.68
1500,-5,33.05
1560,-5,32.69
1620,-5,33.57
1680,-5,34.58
1740,-5,32.33
1800,-5,33.71
1860,-5,33.92
1920,-5,33.64
1980,-5,33.74
2040,-5,34.22
2100,-5,33.23
2160,-5,33.23
2220,-5,33.66
2280,-5,33.78
2340,-5,34.05
2400,-5,32.83
2460,-5,33.21
2520,-5,33.53
2580,-5,33.14
2640,-5,35.41
2700,-5,33.77
2760,-5,34.38
2820,-5,34.28
2880,-5,33.32
2940,-5,33.93
3000,-5,33.46
3060,-5,32.57
3120,-5,34.16
3180,-5,33.48
3240,-5,34.23
3300,-5,33.49
3360,-5,33.92
3420,-5,32.9
3480,-5,34.74
3540,-5,33.39
3600,-5,35.36
3660,-5,33.53
3720,-5,33.26
3780,-5,32.71
3840,-5,32.29
3900,-5,32.54
3960,-5,35.05
4020,-5,34.41
4080,-5,32.45
4140,-5,34.53
4200,-5,33.64
4260,-5,34.24
4320,-5,32.65
4380,-5,32.81
4440,-5,33.44
4500,-5,32.29
4560,-5,32.74
4620,-5,32.59
4680,-5,34.11
4740,-5,34.45
4800,-5,33.66
4860,-5,32.86
4920,-5,33.02
4980,-5,33.91
5040,-5,34.66
5100,-5,33.86
5160,-5,32.51
5220,-5,33.31
5280,-5,32.98
5340,-5,33.73
5400,-5,32.96
5460,-5,32.74
5520,-5,34.12
5580,-5,33.45
5640,-5,33.82
5700,-5,33.96
5760,-5,33.88
5820,-5,32.84
5880,-5,32.82
5940,-5,33.4
6000,-5,32.06
6060,-5,33.45
6120,-5,33.17
6180,-5,32.96
6240,-5,32.57
6300,-5,33.08
6360,-5,33.7
6420,-5,34.79
6480,-5,33.55
6540,-5,35.25
6600,-5,33.83
6660,-5,35.45
6720,-5,32.85
6780,-5,32.06
6840,-5,32.71
6900,-5,32.85
6960,-5,32.59
7020,-5,33.48
7080,-5,33.46
7140,-5,32.88
7200,-5,33.82
7260,-5,35.11
7320,-5,34.75
7380,-5,34.76
7440,-5,35.36
7500,-5,34.36
7560,-5,32.72
7620,-5,33.34
7680,-5,33.72
7740,-5,35.58
7800,-5,32.9
7860,-5,33.37
7920,-5,34.68
7980,-5,35.89
8040,-5,33.97
8100,-5,34.58
8160,-5,32.99
8220,-5,33.9
8280,-5,34.85
8340,-5,33.81
8400,-5,32.35
8460,-5,34.36
8520,-5,32.28
8580,-5,33.2
8640,-5,34.03
8700,-5,33.05
8760,-5,32.47
8820,-5,33.74
8880,-5,33.85
8940,-5,34.1
9000,-5,33.84
9060,-5,33.87
9120,-5,32.91
9180,-5,32.69
9240,-5,32.25
9300,-5,33.34
9360,-5,34.19
9420,-5,32.95
9480,-5,33.26
9540,-5,33.08
9600,-5,33.42
9660,-5,33.75
9720,-5,33.36
9780,-5,32.04
9840,-5,33.1
9900,-5,33.02
9960,-5,33.47
10020,-5,32.67
10080,-5,31.78
10140,-5,32.39
10200,-5,34.74
10260,-5,33.34
10320,-5,33.33
10380,-5,32.68
10440,-5,34.01
10500,-5,35.17
10560,-5,34.2
10620,-5,32.84
10680,-5,33.66
10740,-5,33.03
10800,-5,32.33
10860,-5,34.68
10920,-5,33.94
10980,-5,33.49
11040,-5,32.58
11100,-5,35.71
11160,-5,32.84
11220,-5,35.16
11280,-5,34.24
11340,-5,32.54
11400,-5,34.28
11460,-5,33.16
11520,-5,34.19
11580,-5,33.1
11640,-5,33.68
11700,-5,34.25
11760,-5,33.57
11820,-5,32.41
11880,-5,33.51
11940,-5,33.68
12000,-5,32.55
12060,-5,32.04
12120,-5,33
12180,-5,35.01
12240,-5,33.24
12300,-5,33.41
12360,-5,34.35
12420,-5,32.86
12480,-5,34.85
12540,-5,33.06
12600,-5,33.69
12660,-5,33.25
12720,-5,32.97
12780,-5,33.03
12840,-5,32.99
12900,-5,33.14
12960,-5,32.92
13020,-5,32.78
13080,-5,32.17
13140,-5,33.49
13200,-5,33.41
13260,-5,34.02
13320,-5,34.47
13380,-5,34.57
13440,-5,34.19
13500,-5,33.76
13560,-5,33.65
13620,-5,32.84
13680,-5,33.28
13740,-5,33.54
13800,-5,33.22
13860,-5,33.31
13920,-5,34.11
13980,-5,34.54
14040,-5,34.38
14100,-5,33.49
14160,-5,33.56
14220,-5,34.01
14280,-5,35.51
14340,-5,34.64
14365,-5,33.01
60,-4,32.76
120,-4,33.14
180,-4,34.94
240,-4,33
300,-4,33.84
360,-4,34.1
420,-4,33.1
480,-4,34.03
540,-4,33.1
600,-4,35.3
660,-4,32.74
720,-4,33.65
780,-4,34.26
840,-4,34.27
900,-4,33.96
960,-4,33.45
1020,-4,34.58
1080,-4,34.1
1140,-4,33.2
1200,-4,34.34
1260,-4,33.53
1320,-4,33.59
1380,-4,34.73
1440,-4,32.69
1500,-4,33.09
1560,-4,32.68
1620,-4,33.56
1680,-4,34.6
1740,-4,32.34
1800,-4,33.65
1860,-4,33.92
1920,-4,33.65
1980,-4,33.33
2040,-4,34.29
2100,-4,33.34
2160,-4,33.15
2220,-4,33.66
2280,-4,33.84
2340,-4,34.16
2400,-4,32.84
2460,-4,33.27
2520,-4,33.53
2580,-4,32.69
2640,-4,35.7
2700,-4,33.78
2760,-4,34.45
2820,-4,34.34
2880,-4,33.21
2940,-4,33.92
3000,-4,33.46
3060,-4,32.57
3120,-4,34.18
3180,-4,33.45
3240,-4,34.33
3300,-4,33.4
3360,-4,34.02
3420,-4,32.89
3480,-4,34.79
3540,-4,33.44
3600,-4,35.43
3660,-4,33.54
3720,-4,33.31
3780,-4,32.71
3840,-4,32.28
3900,-4,32.56
3960,-4,35.08
4020,-4,34.46
4080,-4,32.42
4140,-4,34.52
4200,-4,33.71
4260,-4,34.21
4320,-4,32.65
4380,-4,32.82
4440,-4,33.44
4500,-4,32.29
4560,-4,32.75
4620,-4,32.65
4680,-4,34.26
4740,-4,34.11
4800,-4,34.11
4860,-4,32.85
4920,-4,33.04
4980,-4,33.97
5040,-4,34.66
5100,-4,33.9
5160,-4,32.51
5220,-4,33.35
5280,-4,33.12
5340,-4,33.26
5400,-4,32.99
5460,-4,32.8
5520,-4,34.18
5580,-4,33.25
5640,-4,33.83
5700,-4,33.99
5760,-4,33.96
5820,-4,32.84
5880,-4,32.82
5940,-4,33.4
6000,-4,32.06
6060,-4,33.43
6120,-4,33.15
6180,-4,32.87
6240,-4,32.4
6300,-4,33.09
6360,-4,33.7
6420,-4,34.88
6480,-4,33.6
6540,-4,35.35
6600,-4,33.93
6660,-4,35.55
6720,-4,32.85
6780,-4,32.08
6840,-4,32.73
6900,-4,32.88
6960,-4,32.61
7020,-4,33.55
7080,-4,33.47
7140,-4,32.88
7200,-4,33.79
7260,-4,35.23
7320,-4,34.78
7380,-4,34.76
7440,-4,35.54
7500,-4,34.52
7560,-4,32.72
7620,-4,33.47
7680,-4,33.75
7740,-4,35.68
7800,-4,32.9
7860,-4,33.46
7920,-4,34.73
7980,-4,36.08
8040,-4,33.98
8100,-4,34.64
8160,-4,33.15
8220,-4,33.95
8280,-4,34.63
8340,-4,33.92
8400,-4,32.42
8460,-4,34.43
8520,-4,32.19
8580,-4,33.17
8640,-4,34.08
8700,-4,33.26
8760,-4,32.47
8820,-4,33.75
8880,-4,34.18
8940,-4,33.47
9000,-4,33.79
9060,-4,33.86
9120,-4,33.04
9180,-4,32.76
9240,-4,32.27
9300,-4,33.34
9360,-4,34.2
9420,-4,33.41
9480,-4,32.94
9540,-4,33.09
9600,-4,33.48
9660,-4,33.82
9720,-4,33.37
9780,-4,32.03
9840,-4,33.1
9900,-4,33.03
9960,-4,33.45
10020,-4,32.66
10080,-4,31.88
10140,-4,32.23
10200,-4,35.04
10260,-4,33.39
10320,-4,33.58
10380,-4,32.34
10440,-4,34.25
10500,-4,34.85
10560,-4,34.19
10620,-4,32.91
10680,-4,33.73
10740,-4,33.31
10800,-4,32.15
10860,-4,34.78
10920,-4,33.96
10980,-4,33.5
11040,-4,32.57
11100,-4,35.72
11160,-4,32.52
11220,-4,35.31
11280,-4,34.31
11340,-4,32.49
11400,-4,34.29
11460,-4,33.22
11520,-4,34.46
11580,-4,33.01
11640,-4,33.72
11700,-4,34.3
11760,-4,33.57
11820,-4,32.48
11880,-4,33.56
11940,-4,33.74
12000,-4,32.3
12060,-4,32.17
12120,-4,32.76
12180,-4,35.01
12240,-4,33.23
12300,-4,33.19
12360,-4,34.42
12420,-4,32.86
12480,-4,34.84
12540,-4,33.35
12600,-4,33.68
12660,-4,33.25
12720,-4,33.05
12780,-4,33.02
12840,-4,32.97
12900,-4,33.03
12960,-4,32.91
13020,-4,32.79
13080,-4,32.16
13140,-4,33.48
13200,-4,33.43
13260,-4,34.06
13320,-4,34.37
13380,-4,34.56
13440,-4,34.15
13500,-4,33.76
13560,-4,33.7
13620,-4,32.91
13680,-4,33.12
13740,-4,33.53
13800,-4,33.22
13860,-4,33.28
13920,-4,34.21
13980,-4,34.24
14040,-4,34.72
14100,-4,33.55
14160,-4,33.56
14220,-4,34.12
14280,-4,35.61
14340,-4,34.71
14365,-4,33.05
60,-3,32.79
120,-3,33.14
180,-3,35.04
240,-3,33.07
300,-3,33.68
360,-3,34.22
420,-3,33.11
480,-3,34.04
540,-3,33.15
600,-3,35.37
660,-3,32.76
720,-3,33.73
780,-3,34.35
840,-3,34.08
900,-3,34.02
960,-3,33.48
1020,-3,34.49
1080,-3,34.09
1140,-3,33.17
1200,-3,34.43
1260,-3,32.91
1320,-3,33.59
1380,-3,34.77
1440,-3,32.57
1500,-3,33.18
1560,-3,32.69
1620,-3,33.54
1680,-3,34.07
1740,-3,32.34
1800,-3,33.65
1860,-3,33.91
1920,-3,33.56
1980,-3,33.33
2040,-3,34.35
2100,-3,33.22
2160,-3,33.17
2220,-3,33.65
2280,-3,33.87
2340,-3,34.14
2400,-3,32.84
2460,-3,33.32
2520,-3,33.5
2580,-3,32.67
2640,-3,35.9
2700,-3,33.78
2760,-3,34.51
2820,-3,34.39
2880,-3,33.07
2940,-3,33.94
3000,-3,33.46
3060,-3,32.55
3120,-3,34.22
3180,-3,33.25
3240,-3,34.44
3300,-3,33.34
3360,-3,34.12
3420,-3,32.88
3480,-3,34.84
3540,-3,33.53
3600,-3,35.5
3660,-3,33.52
3720,-3,33.37
3780,-3,32.72
3840,-3,32.3
3900,-3,32.82
3960,-3,35
4020,-3,34.5
4080,-3,32.38
4140,-3,34.51
4200,-3,33.68
4260,-3,34.24
4320,-3,32.65
4380,-3,32.19
4440,-3,33.43
4500,-3,32.26
4560,-3,32.73
4620,-3,32.7
4680,-3,34.33
4740,-3,34.1
4800,-3,34.37
4860,-3,32.82
4920,-3,33.22
4980,-3,34
5040,-3,34.81
5100,-3,33.9
5160,-3,32.49
5220,-3,33.41
5280,-3,33.1
5340,-3,33.26
5400,-3,32.98
5460,-3,32.8
5520,-3,34.4
5580,-3,33.33
5640,-3,33.84
5700,-3,34.05
5760,-3,33.88
5820,-3,32.85
5880,-3,32.44
5940,-3,33.39
6000,-3,32.02
6060,-3,33.44
6120,-3,33.12
6180,-3,32.87
6240,-3,32.41
6300,-3,33.1
6360,-3,33.69
6420,-3,34.74
6480,-3,34.03
6540,-3,35.46
6600,-3,34.04
6660,-3,35.6
6720,-3,32.85
6780,-3,32.05
6840,-3,32.74
6900,-3,32.89
6960,-3,32.6
7020,-3,33.6
7080,-3,33.47
7140,-3,32.88
7200,-3,33.78
7260,-3,35.33
7320,-3,34.78
7380,-3,34.76
7440,-3,35.66
7500,-3,34.79
7560,-3,32.73
7620,-3,33.5
7680,-3,33.81
7740,-3,35.85
7800,-3,32.91
7860,-3,33.52
7920,-3,34.79
7980,-3,36.17
8040,-3,33.5
8100,-3,34.71
8160,-3,33.23
8220,-3,34.02
8280,-3,34.77
8340,-3,34.05
8400,-3,32.33
8460,-3,34.48
8520,-3,32.2
8580,-3,33.16
8640,-3,34.09
8700,-3,33.24
8760,-3,32.46
8820,-3,33.76
8880,-3,34.21
8940,-3,33.45
9000,-3,33.93
9060,-3,33.55
9120,-3,32.92
9180,-3,32.81
9240,-3,32.1
9300,-3,33.37
9360,-3,34.19
9420,-3,32.96
9480,-3,32.94
9540,-3,33.02
9600,-3,33.56
9660,-3,33.86
9720,-3,33.38
9780,-3,32.22
9840,-3,32.82
9900,-3,32.98
9960,-3,33.43
10020,-3,32.66
10080,-3,31.89
10140,-3,32.21
10200,-3,35.11
10260,-3,32.95
10320,-3,33.63
10380,-3,32.33
10440,-3,34.25
10500,-3,34.76
10560,-3,34.22
10620,-3,33.06
10680,-3,33.76
10740,-3,33.35
10800,-3,32.17
10860,-3,34.72
10920,-3,33.98
10980,-3,33.52
11040,-3,32.58
11100,-3,35.71
11160,-3,32.59
11220,-3,35.43
11280,-3,34.34
11340,-3,32.5
11400,-3,34.26
11460,-3,33.23
11520,-3,34.41
11580,-3,32.89
11640,-3,33.79
11700,-3,34.3
11760,-3,33.56
11820,-3,32.49
11880,-3,33.65
11940,-3,33.76
12000,-3,32.62
12060,-3,32.17
12120,-3,32.78
12180,-3,35.01
12240,-3,33.2
12300,-3,33.17
12360,-3,34.48
12420,-3,32.86
12480,-3,34.81
12540,-3,33.35
12600,-3,33.69
12660,-3,33.24
12720,-3,33.08
12780,-3,33
12840,-3,32.93
12900,-3,32.89
12960,-3,32.91
13020,-3,32.79
13080,-3,32.16
13140,-3,33.46
13200,-3,33.45
13260,-3,34.1
13320,-3,34.35
13380,-3,34.55
13440,-3,33.99
13500,-3,33.73
13560,-3,33.37
13620,-3,32.97
13680,-3,32.96
13740,-3,33.53
13800,-3,33.23
13860,-3,33.28
13920,-3,34.24
13980,-3,34.3
14040,-3,34.68
14100,-3,33.61
14160,-3,33.54
14220,-3,34.23
14280,-3,36.07
14340,-3,34.49
14365,-3,33.05
60,-2,32.76
120,-2,33.14
180,-2,35.48
240,-2,33.07
300,-2,33.67
360,-2,34.25
420,-2,32.95
480,-2,34.03
540,-2,33.21
600,-2,35.12
660,-2,32.73
720,-2,33.74
780,-2,34.45
840,-2,33.94
900,-2,34.02
960,-2,33.5
1020,-2,34.46
1080,-2,34.11
1140,-2,33.19
1200,-2,34.41
1260,-2,32.92
1320,-2,33.62
1380,-2,34.78
1440,-2,32.4
1500,-2,33.22
1560,-2,32.42
1620,-2,33.72
1680,-2,34.05
1740,-2,32.27
1800,-2,33.44
1860,-2,33.88
1920,-2,33.57
1980,-2,33.36
2040,-2,34.39
2100,-2,33.14
2160,-2,33.16
2220,-2,33.65
2280,-2,33.31
2340,-2,34.14
2400,-2,33.17
2460,-2,33.34
2520,-2,32.89
2580,-2,32.64
2640,-2,36.12
2700,-2,33.76
2760,-2,34.56
2820,-2,34.41
2880,-2,32.93
2940,-2,33.91
3000,-2,33.47
3060,-2,32.57
3120,-2,34.22
3180,-2,33.21
3240,-2,34.48
3300,-2,33.26
3360,-2,34.16
3420,-2,32.88
3480,-2,34.89
3540,-2,33.6
3600,-2,35.54
3660,-2,33.51
3720,-2,33.43
3780,-2,32.69
3840,-2,32.3
3900,-2,32.83
3960,-2,34.84
4020,-2,34.54
4080,-2,32.36
4140,-2,34.51
4200,-2,33.7
4260,-2,34.23
4320,-2,32.64
4380,-2,32.2
4440,-2,33.44
4500,-2,32.28
4560,-2,32.73
4620,-2,32.56
4680,-2,34.36
4740,-2,34.11
4800,-2,34.28
4860,-2,32.84
4920,-2,33.2
4980,-2,33.86
5040,-2,34.82
5100,-2,33.9
5160,-2,32.2
5220,-2,33.5
5280,-2,33.07
5340,-2,33.24
5400,-2,32.98
5460,-2,32.78
5520,-2,34.4
5580,-2,33.35
5640,-2,33.83
5700,-2,34.1
5760,-2,33.84
5820,-2,32.84
5880,-2,32.44
5940,-2,33.39
6000,-2,31.71
6060,-2,33.44
6120,-2,33.08
6180,-2,32.88
6240,-2,32.41
6300,-2,33.1
6360,-2,33.34
6420,-2,34.85
6480,-2,34.07
6540,-2,35.56
6600,-2,34.15
6660,-2,35.46
6720,-2,32.86
6780,-2,32.05
6840,-2,32.95
6900,-2,32.65
6960,-2,32.56
7020,-2,33.65
7080,-2,33.48
7140,-2,32.88
7200,-2,33.71
7260,-2,35.62
7320,-2,34.58
7380,-2,34.76
7440,-2,35.74
7500,-2,34.94
7560,-2,32.73
7620,-2,33.53
7680,-2,33.84
7740,-2,35.48
7800,-2,32.91
7860,-2,33.6
7920,-2,34.26
7980,-2,36.52
8040,-2,33.5
8100,-2,34.75
8160,-2,33.23
8220,-2,34.06
8280,-2,34.85
8340,-2,34.13
8400,-2,32.34
8460,-2,34.5
8520,-2,31.85
8580,-2,33.14
8640,-2,34.07
8700,-2,33.25
8760,-2,32.48
8820,-2,33.87
8880,-2,34.26
8940,-2,33.46
9000,-2,33.97
9060,-2,33.56
9120,-2,32.82
9180,-2,32.79
9240,-2,32.12
9300,-2,33.3
9360,-2,34.2
9420,-2,33.01
9480,-2,32.93
9540,-2,32.87
9600,-2,33.6
9660,-2,33.76
9720,-2,33.38
9780,-2,32.22
9840,-2,32.81
9900,-2,32.95
9960,-2,33.39
10020,-2,32.66
10080,-2,31.87
10140,-2,32.3
10200,-2,35.16
10260,-2,32.26
10320,-2,33.63
10380,-2,32.32
10440,-2,34.23
10500,-2,34.32
10560,-2,34.28
10620,-2,33.13
10680,-2,33.76
10740,-2,33.32
10800,-2,32.18
10860,-2,34.47
10920,-2,33.96
10980,-2,33.37
11040,-2,32.55
11100,-2,35.69
11160,-2,31.71
11220,-2,35.52
11280,-2,34.49
11340,-2,32.48
11400,-2,34.27
11460,-2,33.21
11520,-2,34.25
11580,-2,32.76
11640,-2,34.29
11700,-2,33.84
11760,-2,33.55
11820,-2,32.48
11880,-2,33.66
11940,-2,33.75
12000,-2,32.62
12060,-2,32.16
12120,-2,32.77
12180,-2,35.09
12240,-2,33.21
12300,-2,33.15
12360,-2,34.53
12420,-2,32.86
12480,-2,34.78
12540,-2,33.15
12600,-2,33.4
12660,-2,33.55
12720,-2,33.08
12780,-2,32.98
12840,-2,32.8
12900,-2,32.79
12960,-2,32.9
13020,-2,32.78
13080,-2,32.07
13140,-2,33.25
13200,-2,33.42
13260,-2,34.11
13320,-2,34.35
13380,-2,34.12
13440,-2,33.85
13500,-2,33.73
13560,-2,33.35
13620,-2,33.05
13680,-2,32.99
13740,-2,33.51
13800,-2,33.22
13860,-2,32.94
13920,-2,34.27
13980,-2,34.19
14040,-2,34.57
14100,-2,33.65
14160,-2,33.52
14220,-2,34.31
14280,-2,36.13
14340,-2,34.5
14365,-2,33.02
60,-1,32.76
120,-1,33.04
180,-1,35.06
240,-1,33.09
300,-1,33.66
360,-1,34.24
420,-1,32.97
480,-1,34.05
540,-1,33.06
600,-1,35.02
660,-1,32.72
720,-1,33.74
780,-1,34.86
840,-1,33.87
900,-1,34.03
960,-1,33.48
1020,-1,34.44
1080,-1,34.08
1140,-1,33.18
1200,-1,33.87
1260,-1,32.92
1320,-1,33.64
1380,-1,34.76
1440,-1,32.39
1500,-1,33.28
1560,-1,32.4
1620,-1,33.95
1680,-1,34.08
1740,-1,32.12
1800,-1,33.27
1860,-1,33.87
1920,-1,33.56
1980,-1,33.36
2040,-1,34.44
2100,-1,33.15
2160,-1,33.16
2220,-1,33.64
2280,-1,33.31
2340,-1,34.11
2400,-1,33.16
2460,-1,33.33
2520,-1,32.73
2580,-1,32.85
2640,-1,36.25
2700,-1,34.16
2760,-1,34.63
2820,-1,34.41
2880,-1,33
2940,-1,33.48
3000,-1,33.46
3060,-1,32.56
3120,-1,34.2
3180,-1,33.18
3240,-1,33.99
3300,-1,33.17
3360,-1,34.18
3420,-1,32.86
3480,-1,34.67
3540,-1,33.96
3600,-1,35.62
3660,-1,33.51
3720,-1,33.19
3780,-1,32.75
3840,-1,32.28
3900,-1,32.83
3960,-1,34.74
4020,-1,34.6
4080,-1,32.32
4140,-1,34.39
4200,-1,33.69
4260,-1,33.85
4320,-1,32.62
4380,-1,31.98
4440,-1,33.3
4500,-1,32.24
4560,-1,32.71
4620,-1,32.59
4680,-1,34.37
4740,-1,34.07
4800,-1,34.01
4860,-1,32.82
4920,-1,33.17
4980,-1,33.93
5040,-1,34.82
5100,-1,33.84
5160,-1,32.19
5220,-1,33.5
5280,-1,33.08
5340,-1,33.23
5400,-1,32.99
5460,-1,32.77
5520,-1,34.4
5580,-1,33.37
5640,-1,34.01
5700,-1,33.84
5760,-1,33.38
5820,-1,33.33
5880,-1,32.44
5940,-1,33.29
6000,-1,31.69
6060,-1,33.45
6120,-1,32.88
6180,-1,32.88
6240,-1,32.53
6300,-1,32.91
6360,-1,33.33
6420,-1,34.89
6480,-1,34.05
6540,-1,35.64
6600,-1,34.21
6660,-1,35.46
6720,-1,32.85
6780,-1,32.04
6840,-1,32.96
6900,-1,32.65
6960,-1,32.49
7020,-1,33.65
7080,-1,33.49
7140,-1,32.89
7200,-1,33.52
7260,-1,35.62
7320,-1,34.61
7380,-1,34.76
7440,-1,35.81
7500,-1,34.99
7560,-1,32.72
7620,-1,33.52
7680,-1,33.84
7740,-1,35.49
7800,-1,32.9
7860,-1,33.66
7920,-1,34.27
7980,-1,36.58
8040,-1,33.49
8100,-1,34.8
8160,-1,33.21
8220,-1,34.12
8280,-1,34.95
8340,-1,34.18
8400,-1,32.33
8460,-1,35.01
8520,-1,31.86
8580,-1,32.84
8640,-1,34.07
8700,-1,33.26
8760,-1,32.45
8820,-1,33.88
8880,-1,34.14
8940,-1,33.46
9000,-1,33.89
9060,-1,33.69
9120,-1,32.88
9180,-1,32.84
9240,-1,32.13
9300,-1,33.26
9360,-1,34.21
9420,-1,33.06
9480,-1,32.93
9540,-1,32.83
9600,-1,33.62
9660,-1,33.66
9720,-1,33.35
9780,-1,32.4
9840,-1,32.82
9900,-1,32.44
9960,-1,33.43
10020,-1,32.68
10080,-1,31.87
10140,-1,32.3
10200,-1,35.15
10260,-1,32.26
10320,-1,33.65
10380,-1,32.3
10440,-1,34.24
10500,-1,34.32
10560,-1,34.3
10620,-1,33.24
10680,-1,33.01
10740,-1,33.74
10800,-1,31.67
10860,-1,34.17
10920,-1,33.96
10980,-1,33.2
11040,-1,32.58
11100,-1,35.52
11160,-1,31.71
11220,-1,35.54
11280,-1,34.42
11340,-1,32.47
11400,-1,34.24
11460,-1,32.99
11520,-1,34.06
11580,-1,32.64
11640,-1,34.3
11700,-1,33.87
11760,-1,33.54
11820,-1,32.48
11880,-1,33.65
11940,-1,33.77
12000,-1,32.61
12060,-1,32.17
12120,-1,32.76
12180,-1,35.09
12240,-1,33.31
12300,-1,33.16
12360,-1,34.61
12420,-1,32.57
12480,-1,34.72
12540,-1,33.15
12600,-1,33.38
12660,-1,33.25
12720,-1,33.08
12780,-1,32.96
12840,-1,32.59
12900,-1,32.49
12960,-1,33.12
13020,-1,32.79
13080,-1,32.06
13140,-1,33.21
13200,-1,33.4
13260,-1,34.15
13320,-1,34.29
13380,-1,34.11
13440,-1,33.77
13500,-1,33.72
13560,-1,33.35
13620,-1,33.4
13680,-1,32.97
13740,-1,33.49
13800,-1,33.22
13860,-1,32.9
13920,-1,34.32
13980,-1,34.14
14040,-1,34.45
14100,-1,33.7
14160,-1,33.5
14220,-1,34.34
14280,-1,36.17
14340,-1,34.5
14365,-1,33.01
60,0,32.78
120,0,32.89
180,0,35.12
240,0,33.06
300,0,33.67
360,0,34.06
420,0,32.96
480,0,34.05
540,0,33.05
600,0,35.01
660,0,32.7
720,0,33.75
780,0,34.84
840,0,33.94
900,0,34.03
960,0,33.49
1020,0,34.22
1080,0,34.11
1140,0,33.18
1200,0,33.86
1260,0,32.89
1320,0,33.62
1380,0,34.76
1440,0,32.4
1500,0,33.29
1560,0,32.76
1620,0,33.95
1680,0,34.06
1740,0,32.08
1800,0,33.23
1860,0,33.89
1920,0,33.66
1980,0,33.3
2040,0,34.46
2100,0,33.12
2160,0,33.12
2220,0,33.64
2280,0,33.31
2340,0,34.1
2400,0,33.18
2460,0,33.33
2520,0,32.51
2580,0,32.87
2640,0,36.33
2700,0,34.17
2760,0,34.67
2820,0,34.4
2880,0,33.01
2940,0,33.26
3000,0,33.45
3060,0,32.58
3120,0,33.37
3180,0,33.36
3240,0,34.02
3300,0,33.45
3360,0,34.23
3420,0,32.86
3480,0,34.68
3540,0,34.05
3600,0,35.59
3660,0,33.43
3720,0,33.72
3780,0,32.38
3840,0,32.28
3900,0,32.83
3960,0,34.49
4020,0,34.66
4080,0,32.53
4140,0,34.35
4200,0,33.68
4260,0,33.86
4320,0,32.63
4380,0,31.96
4440,0,33.15
4500,0,32.23
4560,0,32.73
4620,0,32.6
4680,0,34.35
4740,0,34.13
4800,0,33.96
4860,0,32.7
4920,0,33.12
4980,0,34.26
5040,0,34.82
5100,0,33.84
5160,0,32.2
5220,0,33.57
5280,0,33.01
5340,0,33.31
5400,0,32.94
5460,0,32.77
5520,0,34.41
5580,0,33.36
5640,0,34.01
5700,0,33.82
5760,0,33.19
5820,0,33.68
5880,0,32.17
5940,0,33.12
6000,0,31.52
6060,0,33.44
6120,0,32.69
6180,0,32.8
6240,0,32.55
6300,0,32.92
6360,0,33.33
6420,0,34.88
6480,0,33.94
6540,0,35.65
6600,0,34.23
6660,0,35.47
6720,0,33.12
6780,0,32.02
6840,0,32.97
6900,0,32.65
6960,0,32.42
7020,0,33.65
7080,0,33.48
7140,0,32.89
7200,0,33.49
7260,0,35.63
7320,0,34.58
7380,0,34.75
7440,0,35.46
7500,0,35.01
7560,0,32.14
7620,0,34.02
7680,0,33.83
7740,0,35.5
7800,0,32.4
7860,0,34.06
7920,0,34.27
7980,0,36.46
8040,0,33.48
8100,0,34.87
8160,0,33.23
8220,0,33.29
8280,0,35.05
8340,0,34.57
8400,0,32.26
8460,0,34.97
8520,0,31.84
8580,0,32.77
8640,0,33.93
8700,0,33.25
8760,0,32.22
8820,0,34.37
8880,0,33.97
8940,0,33.22
9000,0,33.9
9060,0,33.69
9120,0,32.92
9180,0,32.82
9240,0,32.36
9300,0,33.24
9360,0,34.31
9420,0,33.08
9480,0,32.81
9540,0,32.83
9600,0,33.69
9660,0,33.63
9720,0,33.36
9780,0,32.39
9840,0,32.82
9900,0,32.37
9960,0,33.28
10020,0,32.68
10080,0,31.78
10140,0,32.29
10200,0,35.16
10260,0,32.24
10320,0,32.97
10380,0,32.28
10440,0,34.71
10500,0,34.33
10560,0,34.56
10620,0,33.14
10680,0,32.82
10740,0,33.74
10800,0,31.7
10860,0,34.04
10920,0,33.73
10980,0,32.48
11040,0,32.56
11100,0,35.49
11160,0,32
11220,0,35.43
11280,0,34.23
11340,0,32.46
11400,0,33.84
11460,0,32.97
11520,0,33.93
11580,0,32.64
11640,0,34.22
11700,0,33.85
11760,0,33.17
11820,0,32.5
11880,0,33.67
11940,0,33.41
12000,0,32.66
12060,0,32.18
12120,0,32.77
12180,0,35.07
12240,0,33.29
12300,0,33.16
12360,0,34.62
12420,0,32.55
12480,0,34.7
12540,0,33.26
12600,0,33.39
12660,0,33.24
12720,0,33.09
12780,0,32.82
12840,0,32.52
12900,0,32.49
12960,0,33.14
13020,0,32.66
13080,0,32.06
13140,0,33.18
13200,0,33.21
13260,0,34.2
13320,0,34.07
13380,0,34.09
13440,0,33.76
13500,0,34.06
13560,0,33.36
13620,0,33.39
13680,0,32.98
13740,0,33.48
13800,0,33.2
13860,0,32.66
13920,0,34.37
13980,0,34.12
14040,0,34.3
14100,0,33.74
14160,0,33.5
14220,0,34.81
14280,0,35.53
14340,0,34.48
14365,0,33.06
60,1,32.49
120,1,33.31
180,1,34.11
240,1,33.47
300,1,33.52
360,1,33.56
420,1,33.23
480,1,34.58
540,1,34.26
600,1,33.84
660,1,32.81
720,1,34.33
780,1,34.24
840,1,33.82
900,1,34.03
960,1,33.87
1020,1,32.97
1080,1,34.42
1140,1,33.12
1200,1,33.73
1260,1,33.6
1320,1,33.09
1380,1,33.95
1440,1,32.58
1500,1,33.34
1560,1,32.94
1620,1,34.11
1680,1,33.66
1740,1,32.2
1800,1,33.03
1860,1,33.62
1920,1,33.91
1980,1,33.16
2040,1,34.74
2100,1,33.12
2160,1,33.1
2220,1,33.65
2280,1,33.7
2340,1,34.34
2400,1,33.15
2460,1,33.82
2520,1,31.95
2580,1,33.06
2640,1,34.82
2700,1,33.01
2760,1,34.17
2820,1,34.47
2880,1,32.82
2940,1,33.06
3000,1,33.44
3060,1,33.58
3120,1,32.94
3180,1,33.3
3240,1,34.4
3300,1,32.93
3360,1,33.73
3420,1,33.99
3480,1,35.27
3540,1,34.12
3600,1,34.45
3660,1,33.29
3720,1,33.62
3780,1,32.47
3840,1,33.53
3900,1,32.49
3960,1,34.13
4020,1,33.86
4080,1,32.66
4140,1,33.96
4200,1,34.04
4260,1,33.43
4320,1,33.31
4380,1,32.84
4440,1,33.91
4500,1,33.74
4560,1,33.25
4620,1,32.46
4680,1,33.66
4740,1,34.31
4800,1,33.55
4860,1,33.11
4920,1,33.15
4980,1,34.01
5040,1,33.83
5100,1,33.67
5160,1,32.76
5220,1,34.3
5280,1,33.59
5340,1,33.71
5400,1,32.54
5460,1,32.84
5520,1,33.48
5580,1,33.51
5640,1,33.84
5700,1,33.2
5760,1,32.7
5820,1,33.28
5880,1,32.87
5940,1,33.34
6000,1,32.13
6060,1,33.84
6120,1,32.45
6180,1,33.22
6240,1,33.2
6300,1,32.85
6360,1,33.36
6420,1,34.72
6480,1,33.59
6540,1,35.59
6600,1,33.77
6660,1,34.52
6720,1,33.52
6780,1,32.71
6840,1,33.54
6900,1,32.99
6960,1,32
7020,1,33.7
7080,1,33.16
7140,1,33.16
7200,1,33.8
7260,1,35.15
7320,1,32.82
7380,1,34.67
7440,1,35.29
7500,1,33.96
7560,1,32.61
7620,1,34.34
7680,1,34.51
7740,1,34.26
7800,1,32.16
7860,1,34.18
7920,1,34.53
7980,1,35.9
8040,1,33.35
8100,1,34.93
8160,1,34.17
8220,1,32.69
8280,1,34.67
8340,1,33.98
8400,1,32.28
8460,1,35
8520,1,32.7
8580,1,33.29
8640,1,33.61
8700,1,33.25
8760,1,31.61
8820,1,33.85
8880,1,32.87
8940,1,33.44
9000,1,33.51
9060,1,33.79
9120,1,33.24
9180,1,32.93
9240,1,33.55
9300,1,33.23
9360,1,33.49
9420,1,33.51
9480,1,33.69
9540,1,32.64
9600,1,33.97
9660,1,32.62
9720,1,33.69
9780,1,32.77
9840,1,33.3
9900,1,32.42
9960,1,33.08
10020,1,33.25
10080,1,32.52
10140,1,32.34
10200,1,34.5
10260,1,32.66
10320,1,33.32
10380,1,33.05
10440,1,34.62
10500,1,34.24
10560,1,34.02
10620,1,33.35
10680,1,33.28
10740,1,33.35
10800,1,32.97
10860,1,33.94
10920,1,33.94
10980,1,32.69
11040,1,33.17
11100,1,35
11160,1,32.13
11220,1,34.63
11280,1,33.41
11340,1,32.67
11400,1,33.84
11460,1,33.58
11520,1,34
11580,1,32.89
11640,1,33.83
11700,1,33.71
11760,1,33.36
11820,1,33.46
11880,1,33.77
11940,1,33.24
12000,1,32.27
12060,1,32.9
12120,1,32.62
12180,1,34.66
12240,1,33.37
12300,1,33.61
12360,1,34.06
12420,1,33.07
12480,1,33.9
12540,1,33.28
12600,1,34.06
12660,1,33.54
12720,1,33.52
12780,1,32.96
12840,1,32.55
12900,1,32.82
12960,1,33.5
13020,1,33.01
13080,1,32.72
13140,1,33.04
13200,1,32.48
13260,1,33.9
13320,1,33.01
13380,1,33.62
13440,1,33.67
13500,1,33.94
13560,1,33.73
13620,1,33.88
13680,1,32.78
13740,1,33.72
13800,1,33.52
13860,1,32.45
13920,1,35.09
13980,1,33.7
14040,1,34.07
14100,1,33.72
14160,1,33.24
14220,1,34.95
14280,1,35.22
14340,1,34.32
14365,1,33.02
60,2,32.47
120,2,33.31
180,2,34.16
240,2,33.39
300,2,33.56
360,2,33.57
420,2,33.37
480,2,34.53
540,2,34.27
600,2,33.83
660,2,33.04
720,2,34.34
780,2,34.74
840,2,34.04
900,2,33.98
960,2,33.89
1020,2,32.84
1080,2,34.4
1140,2,32.45
1200,2,33.55
1260,2,33.46
1320,2,33.1
1380,2,33.95
1440,2,32.62
1500,2,33.39
1560,2,32.71
1620,2,34.22
1680,2,33.67
1740,2,32.21
1800,2,32.71
1860,2,33.61
1920,2,33.84
1980,2,33.2
2040,2,34.77
2100,2,34.09
2160,2,32.97
2220,2,33.69
2280,2,33.64
2340,2,34.37
2400,2,33.09
2460,2,33.37
2520,2,31.77
2580,2,33.06
2640,2,34.32
2700,2,33.54
2760,2,34.16
2820,2,34.09
2880,2,32.54
2940,2,33.01
3000,2,33.63
3060,2,33.56
3120,2,32.94
3180,2,33.29
3240,2,34.51
3300,2,32.93
3360,2,33.74
3420,2,34.06
3480,2,35.16
3540,2,34.17
3600,2,34.2
3660,2,33.59
3720,2,33.67
3780,2,32.46
3840,2,33.27
3900,2,32.43
3960,2,34.1
4020,2,33.94
4080,2,32.44
4140,2,33.82
4200,2,34.05
4260,2,33.14
4320,2,33.21
4380,2,32.73
4440,2,33.89
4500,2,32.89
4560,2,33.12
4620,2,32.39
4680,2,33.55
4740,2,34.27
4800,2,33.58
4860,2,33.06
4920,2,33.13
4980,2,34.17
5040,2,33.47
5100,2,33.78
5160,2,32.73
5220,2,34.23
5280,2,33.56
5340,2,33
5400,2,32.55
5460,2,32.84
5520,2,33.47
5580,2,33.14
5640,2,33.88
5700,2,33.34
5760,2,32.64
5820,2,33.27
5880,2,32.97
5940,2,33.12
6000,2,32.52
6060,2,33.73
6120,2,32.39
6180,2,33.21
6240,2,32.94
6300,2,32.87
6360,2,33.32
6420,2,34.7
6480,2,33.93
6540,2,34.59
6600,2,33.98
6660,2,34.25
6720,2,33.59
6780,2,32.7
6840,2,33.58
6900,2,33.24
6960,2,31.9
7020,2,33.59
7080,2,33.14
7140,2,33.21
7200,2,33.66
7260,2,35.19
7320,2,33.64
7380,2,34.59
7440,2,35.29
7500,2,33.91
7560,2,32.61
7620,2,34.43
7680,2,33.58
7740,2,34.35
7800,2,33.29
7860,2,33.49
7920,2,34.52
7980,2,35.93
8040,2,33.35
8100,2,34.72
8160,2,34.23
8220,2,32.68
8280,2,34.65
8340,2,34.15
8400,2,32.28
8460,2,35
8520,2,32.59
8580,2,33.14
8640,2,33.63
8700,2,33.23
8760,2,31.81
8820,2,33.8
8880,2,33.01
8940,2,33.34
9000,2,33.47
9060,2,33.8
9120,2,33.48
9180,2,32.72
9240,2,33.52
9300,2,32.95
9360,2,33.48
9420,2,33.42
9480,2,33.72
9540,2,32.81
9600,2,34.02
9660,2,33.21
9720,2,32.85
9780,2,32.65
9840,2,33.32
9900,2,32.22
9960,2,32.94
10020,2,33.26
10080,2,32.32
10140,2,32.2
10200,2,34.4
10260,2,32.67
10320,2,33.34
10380,2,33.26
10440,2,34.64
10500,2,34.3
10560,2,33.97
10620,2,33.24
10680,2,33.45
10740,2,33.35
10800,2,32.41
10860,2,33.9
10920,2,33.86
10980,2,32.78
11040,2,33.16
11100,2,35.22
11160,2,32.11
11220,2,34.58
11280,2,33.37
11340,2,32.6
11400,2,33.76
11460,2,34.46
11520,2,33.89
11580,2,32.88
11640,2,33.72
11700,2,32.82
11760,2,33.3
11820,2,33.57
11880,2,33.76
11940,2,33.25
12000,2,32.17
12060,2,32.93
12120,2,32.56
12180,2,34.36
12240,2,33.38
12300,2,33.63
12360,2,34.06
12420,2,32.81
12480,2,33.92
12540,2,33.26
12600,2,34.18
12660,2,33.44
12720,2,33.51
12780,2,32.89
12840,2,32.5
12900,2,33.34
12960,2,33.52
13020,2,32.95
13080,2,32.73
13140,2,33.06
13200,2,32.51
13260,2,33.97
13320,2,32.85
13380,2,33.13
13440,2,33.72
13500,2,33.94
13560,2,33.94
13620,2,33.59
13680,2,32.68
13740,2,33.67
13800,2,33.27
13860,2,33.98
13920,2,34.65
13980,2,33.68
14040,2,33.69
14100,2,33.61
14160,2,33.22
14220,2,34.97
14280,2,35.24
14340,2,33.31
14365,2,33.06
60,3,32.49
120,3,33.34
180,3,34.19
240,3,33.23
300,3,33.6
360,3,33.56
420,3,33.39
480,3,34.5
540,3,34.23
600,3,33.87
660,3,33.06
720,3,34
780,3,34.6
840,3,33.94
900,3,34.04
960,3,33.48
1020,3,32.6
1080,3,34.42
1140,3,32.84
1200,3,33.45
1260,3,33.38
1320,3,33.1
1380,3,33.94
1440,3,32.75
1500,3,33.43
1560,3,32.68
1620,3,34.15
1680,3,33.59
1740,3,32.34
1800,3,31.91
1860,3,33.61
1920,3,33.9
1980,3,33.18
2040,3,34.4
2100,3,33.05
2160,3,32.94
2220,3,33.62
2280,3,33.62
2340,3,34.34
2400,3,33.18
2460,3,33.5
2520,3,31.93
2580,3,33.06
2640,3,34.3
2700,3,33.55
2760,3,33.84
2820,3,34.1
2880,3,32.55
2940,3,33.01
3000,3,33.64
3060,3,33.54
3120,3,32.07
3180,3,33.28
3240,3,34.56
3300,3,32.34
3360,3,33.67
3420,3,33.97
3480,3,34.84
3540,3,34.2
3600,3,34.09
3660,3,33.3
3720,3,33.67
3780,3,32.63
3840,3,33.24
3900,3,31.61
3960,3,33.73
4020,3,33.93
4080,3,32.11
4140,3,33.54
4200,3,34.06
4260,3,34.06
4320,3,33.21
4380,3,32.53
4440,3,33.72
4500,3,33.55
4560,3,33.09
4620,3,32.4
4680,3,33.53
4740,3,34.2
4800,3,33.58
4860,3,33.08
4920,3,33.11
4980,3,34.18
5040,3,33.46
5100,3,33.77
5160,3,32.6
5220,3,34.15
5280,3,33.6
5340,3,33.57
5400,3,32.55
5460,3,32.84
5520,3,33.47
5580,3,33.52
5640,3,33.93
5700,3,33.27
5760,3,32.66
5820,3,33.27
5880,3,32.89
5940,3,32.33
6000,3,32.4
6060,3,33.7
6120,3,32.38
6180,3,33.21
6240,3,32.94
6300,3,32.87
6360,3,33.31
6420,3,34.68
6480,3,33.17
6540,3,35.44
6600,3,33.98
6660,3,34.27
6720,3,33.59
6780,3,32.69
6840,3,33.61
6900,3,33.25
6960,3,31.89
7020,3,33.52
7080,3,33.14
7140,3,33.28
7200,3,33.55
7260,3,35.21
7320,3,33.63
7380,3,34.43
7440,3,35.15
7500,3,33.9
7560,3,32.89
7620,3,33.94
7680,3,33.37
7740,3,34.38
7800,3,33.31
7860,3,33.25
7920,3,34.51
7980,3,35.96
8040,3,33.36
8100,3,34.6
8160,3,34.28
8220,3,32.75
8280,3,34.41
8340,3,34.02
8400,3,32.28
8460,3,34.82
8520,3,32.58
8580,3,33.07
8640,3,33.66
8700,3,33.25
8760,3,31.65
8820,3,33.82
8880,3,32.99
8940,3,33.25
9000,3,33.47
9060,3,33.75
9120,3,33.49
9180,3,32.64
9240,3,33.52
9300,3,33.19
9360,3,34.12
9420,3,33.42
9480,3,33.93
9540,3,32.7
9600,3,34.03
9660,3,33.24
9720,3,33.15
9780,3,32.71
9840,3,33.57
9900,3,32.12
9960,3,32.92
10020,3,33.28
10080,3,32.16
10140,3,32.41
10200,3,34.33
10260,3,32.67
10320,3,33.41
10380,3,33.28
10440,3,34.65
10500,3,34.32
10560,3,33.98
10620,3,33.15
10680,3,33.41
10740,3,33.36
10800,3,32.42
10860,3,33.89
10920,3,33.86
10980,3,32.66
11040,3,33.18
11100,3,35.13
11160,3,32.04
11220,3,34.62
11280,3,33.38
11340,3,32.58
11400,3,33.57
11460,3,33.63
11520,3,33.79
11580,3,33.53
11640,3,33.63
11700,3,33.3
11760,3,33.23
11820,3,33.46
11880,3,33.97
11940,3,33.09
12000,3,31.18
12060,3,32.97
12120,3,32.57
12180,3,34.21
12240,3,33.43
12300,3,33.64
12360,3,34.06
12420,3,32.72
12480,3,33.9
12540,3,33.27
12600,3,34.17
12660,3,33.26
12720,3,33.51
12780,3,32.88
12840,3,32.39
12900,3,33.37
12960,3,33.53
13020,3,32.92
13080,3,32.42
13140,3,33.08
13200,3,32.53
13260,3,33.87
13320,3,32.85
13380,3,33.13
13440,3,33.48
13500,3,33.82
13560,3,33.95
13620,3,33.55
13680,3,32.68
13740,3,33.91
13800,3,33.13
13860,3,32.44
13920,3,34.59
13980,3,33.37
14040,3,33.63
14100,3,33.19
14160,3,33.41
14220,3,34.7
14280,3,35.26
14340,3,34.42
14365,3,32.86
60,4,32.46
120,4,33.87
180,4,33.66
240,4,33.25
300,4,33.57
360,4,33.57
420,4,32.95
480,4,34.8
540,4,34.16
600,4,33.84
660,4,33.31
720,4,34.16
780,4,34.45
840,4,33.87
900,4,34.03
960,4,34.22
1020,4,32.22
1080,4,34.47
1140,4,33.93
1200,4,33.2
1260,4,33.6
1320,4,32.92
1380,4,33.95
1440,4,32.75
1500,4,33.42
1560,4,32.72
1620,4,34.1
1680,4,33.58
1740,4,32.25
1800,4,32.66
1860,4,33.61
1920,4,33.89
1980,4,33.16
2040,4,34.35
2100,4,33.05
2160,4,32.87
2220,4,33.5
2280,4,33.64
2340,4,33.5
2400,4,33.16
2460,4,33.49
2520,4,31.82
2580,4,33.06
2640,4,34.29
2700,4,32.99
2760,4,34.03
2820,4,34.09
2880,4,32.55
2940,4,33.03
3000,4,33.63
3060,4,33.55
3120,4,32.86
3180,4,33.22
3240,4,34.52
3300,4,32.86
3360,4,33.67
3420,4,33.96
3480,4,34.85
3540,4,34.1
3600,4,34.06
3660,4,33.58
3720,4,33.67
3780,4,31.69
3840,4,33.47
3900,4,32.38
3960,4,33.74
4020,4,34.23
4080,4,32.15
4140,4,33.38
4200,4,34.12
4260,4,32.98
4320,4,33.1
4380,4,32.43
4440,4,33.59
4500,4,33.56
4560,4,32.82
4620,4,32.41
4680,4,33.35
4740,4,34.11
4800,4,33.57
4860,4,33.04
4920,4,33.1
4980,4,34.17
5040,4,33.45
5100,4,33.77
5160,4,32.54
5220,4,34.2
5280,4,32.7
5340,4,33.57
5400,4,32.44
5460,4,33.15
5520,4,33.29
5580,4,33.39
5640,4,34.16
5700,4,33.25
5760,4,32.66
5820,4,33.29
5880,4,32.87
5940,4,33.06
6000,4,32.29
6060,4,33.69
6120,4,32.37
6180,4,33.2
6240,4,32.95
6300,4,32.85
6360,4,33.31
6420,4,34.65
6480,4,33.14
6540,4,35.43
6600,4,33.98
6660,4,34.25
6720,4,33.57
6780,4,32.7
6840,4,33.65
6900,4,33.23
6960,4,31.92
7020,4,33.53
7080,4,33.13
7140,4,33.24
7200,4,33.44
7260,4,35.23
7320,4,33.62
7380,4,34.34
7440,4,35.06
7500,4,33.92
7560,4,32.88
7620,4,33.85
7680,4,33.35
7740,4,34.35
7800,4,33.31
7860,4,33.28
7920,4,34.52
7980,4,35.96
8040,4,33.35
8100,4,34.49
8160,4,34.26
8220,4,32.74
8280,4,33.06
8340,4,33.93
8400,4,32.28
8460,4,34.46
8520,4,32.56
8580,4,33.06
8640,4,33.69
8700,4,32.54
8760,4,31.65
8820,4,33.82
8880,4,32.96
8940,4,33.16
9000,4,33.43
9060,4,33.76
9120,4,33.54
9180,4,32.56
9240,4,33.51
9300,4,33.16
9360,4,33.34
9420,4,33.41
9480,4,33.63
9540,4,32.71
9600,4,34.07
9660,4,33.23
9720,4,33.66
9780,4,32.49
9840,4,33.58
9900,4,31.38
9960,4,32.06
10020,4,34.02
10080,4,32.06
10140,4,32.32
10200,4,34.34
10260,4,32.34
10320,4,33.33
10380,4,33.3
10440,4,34.64
10500,4,34.35
10560,4,33.87
10620,4,33.06
10680,4,33.37
10740,4,33.35
10800,4,32.43
10860,4,33.68
10920,4,34.09
10980,4,32.4
11040,4,33.17
11100,4,35.02
11160,4,31.07
11220,4,34.42
11280,4,33.36
11340,4,32.57
11400,4,33.54
11460,4,33.65
11520,4,33.71
11580,4,32.99
11640,4,34.06
11700,4,33.35
11760,4,33.23
11820,4,33.21
11880,4,33.96
11940,4,33.1
12000,4,31.83
12060,4,32.6
12120,4,32.56
12180,4,34.41
12240,4,33.14
12300,4,33.64
12360,4,34.07
12420,4,32.72
12480,4,33.74
12540,4,33.27
12600,4,34.15
12660,4,32.94
12720,4,33.71
12780,4,32.85
12840,4,32.35
12900,4,33.37
12960,4,33.53
13020,4,32.95
13080,4,32.41
13140,4,33.11
13200,4,32.57
13260,4,33.76
13320,4,32.85
13380,4,33.13
13440,4,33.48
13500,4,33.69
13560,4,33.93
13620,4,33.94
13680,4,32.8
13740,4,33.49
13800,4,33.19
13860,4,32.41
13920,4,34.56
13980,4,33.16
14040,4,33.59
14100,4,33.18
14160,4,33.4
14220,4,34.72
14280,4,34.97
14340,4,34.61
14365,4,32.84
60,5,32.47
120,5,33.91
180,5,33.62
240,5,33.49
300,5,33.31
360,5,33.56
420,5,32.94
480,5,34.33
540,5,34.17
600,5,33.81
660,5,32.97
720,5,33.44
780,5,34.3
840,5,33.83
900,5,34.04
960,5,34.07
1020,5,32.1
1080,5,34.47
1140,5,32.53
1200,5,32.83
1260,5,33.61
1320,5,32.92
1380,5,33.95
1440,5,32.75
1500,5,33.47
1560,5,32.79
1620,5,35.21
1680,5,33.6
1740,5,32.26
1800,5,32.47
1860,5,33.61
1920,5,33.89
1980,5,33.17
2040,5,34.36
2100,5,33.04
2160,5,32.7
2220,5,33.5
2280,5,33.63
2340,5,33.87
2400,5,33.14
2460,5,33.58
2520,5,31.82
2580,5,33.08
2640,5,34.29
2700,5,33.51
2760,5,34.03
2820,5,34.1
2880,5,32.58
2940,5,33.04
3000,5,33.63
3060,5,33.12
3120,5,32.72
3180,5,33.21
3240,5,34.36
3300,5,32.86
3360,5,33.66
3420,5,33.79
3480,5,34.86
3540,5,34.09
3600,5,34.05
3660,5,33.63
3720,5,33.67
3780,5,32.55
3840,5,33.39
3900,5,32.36
3960,5,33.66
4020,5,34.73
4080,5,32.06
4140,5,33.34
4200,5,34.12
4260,5,32.99
4320,5,32.98
4380,5,32.32
4440,5,33.6
4500,5,33.62
4560,5,32.74
4620,5,31.63
4680,5,33.35
4740,5,34
4800,5,33.58
4860,5,33.04
4920,5,32.83
4980,5,34.17
5040,5,33.46
5100,5,33.77
5160,5,32.54
5220,5,34.24
5280,5,33.51
5340,5,33.56
5400,5,32.44
5460,5,32.71
5520,5,33.23
5580,5,33.33
5640,5,33.78
5700,5,32.95
5760,5,32.68
5820,5,33.28
5880,5,32.86
5940,5,32.96
6000,5,32.28
6060,5,33.7
6120,5,32.36
6180,5,33.16
6240,5,32.96
6300,5,32.65
6360,5,33.32
6420,5,34.62
6480,5,32.93
6540,5,35.43
6600,5,33.98
6660,5,34.25
6720,5,33.56
6780,5,32.69
6840,5,33.68
6900,5,33.23
6960,5,31.91
7020,5,33.49
7080,5,33.14
7140,5,33.23
7200,5,33.32
7260,5,35.19
7320,5,33.48
7380,5,34.33
7440,5,34.9
7500,5,33.91
7560,5,32.88
7620,5,33.84
7680,5,33.34
7740,5,34.33
7800,5,32.56
7860,5,33.26
7920,5,34.51
7980,5,35.96
8040,5,33.35
8100,5,34.62
8160,5,34.05
8220,5,32.73
8280,5,34.07
8340,5,33.94
8400,5,32.28
8460,5,34.44
8520,5,32.45
8580,5,33.04
8640,5,33.71
8700,5,32.92
8760,5,31.66
8820,5,33.79
8880,5,32.95
8940,5,33.21
9000,5,32.85
9060,5,33.76
9120,5,33.22
9180,5,32.46
9240,5,33.52
9300,5,33.17
9360,5,33.34
9420,5,33.4
9480,5,33.63
9540,5,32.72
9600,5,34.08
9660,5,33.23
9720,5,33.66
9780,5,32.47
9840,5,33.59
9900,5,31.85
9960,5,32.75
10020,5,33.03
10080,5,32.03
10140,5,32.27
10200,5,34.17
10260,5,32.32
10320,5,33.25
10380,5,33.29
10440,5,33.88
10500,5,34.39
10560,5,33.77
10620,5,33.02
10680,5,33.39
10740,5,33.34
10800,5,32.4
10860,5,33.6
10920,5,34.12
10980,5,32.28
11040,5,32.89
11100,5,34.93
11160,5,31.92
11220,5,34.42
11280,5,33.38
11340,5,32.49
11400,5,33.54
11460,5,33.65
11520,5,33.7
11580,5,32.93
11640,5,33.32
11700,5,33.26
11760,5,33.21
11820,5,33.13
11880,5,33.63
11940,5,32.79
12000,5,31.84
12060,5,32.81
12120,5,32.55
12180,5,34.13
12240,5,33.14
12300,5,33.63
12360,5,34.05
12420,5,32.73
12480,5,33.72
12540,5,33.27
12600,5,33.93
12660,5,32.86
12720,5,33.67
12780,5,32.83
12840,5,32.38
12900,5,33.24
12960,5,33.53
13020,5,32.97
13080,5,32.43
13140,5,32.92
13200,5,32.44
13260,5,33.69
13320,5,32.86
13380,5,33.12
13440,5,33.48
13500,5,33.65
13560,5,33.75
13620,5,33.39
13680,5,32.81
13740,5,33.57
13800,5,33.04
13860,5,32.06
13920,5,34.53
13980,5,33.16
14040,5,33.52
14100,5,32.84
14160,5,33.69
14220,5,34.38
14280,5,35.25
14340,5,34.6
14365,5,32.86
60,6,32.45
120,6,34.29
180,6,33.33
240,6,33.48
300,6,33.29
360,6,33.55
420,6,32.93
480,6,34.55
540,6,34.17
600,6,33.79
660,6,32.84
720,6,33.76
780,6,34.24
840,6,33.84
900,6,33.39
960,6,33.98
1020,6,31.97
1080,6,34.47
1140,6,32.68
1200,6,32.83
1260,6,33.6
1320,6,32.94
1380,6,33.95
1440,6,32.73
1500,6,33.48
1560,6,32.86
1620,6,33.91
1680,6,33.58
1740,6,32.25
1800,6,33.56
1860,6,33.61
1920,6,33.88
1980,6,33.24
2040,6,34.22
2100,6,33.04
2160,6,32.54
2220,6,33.31
2280,6,33.62
2340,6,33.88
2400,6,33.15
2460,6,34.35
2520,6,31.8
2580,6,33.07
2640,6,34.28
2700,6,33.52
2760,6,34.02
2820,6,34.09
2880,6,32.58
2940,6,33.05
3000,6,33.37
3060,6,33.35
3120,6,32.68
3180,6,33.19
3240,6,34.34
3300,6,32.88
3360,6,33.68
3420,6,33.79
3480,6,34.88
3540,6,33.79
3600,6,34.03
3660,6,33.64
3720,6,33.67
3780,6,32.45
3840,6,33.36
3900,6,32.38
3960,6,33.62
4020,6,33.81
4080,6,32.03
4140,6,33.33
4200,6,34.13
4260,6,32.98
4320,6,32.94
4380,6,32.22
4440,6,33.03
4500,6,33.57
4560,6,32.69
4620,6,32.26
4680,6,33.45
4740,6,33.72
4800,6,33.71
4860,6,33.07
4920,6,33.01
4980,6,33.85
5040,6,33.46
5100,6,33.77
5160,6,32.55
5220,6,34.26
5280,6,33.5
5340,6,33.54
5400,6,32.43
5460,6,31.67
5520,6,33.14
5580,6,33.34
5640,6,33.82
5700,6,33.16
5760,6,32.63
5820,6,33.29
5880,6,33.43
5940,6,32.44
6000,6,32.28
6060,6,33.7
6120,6,32.33
6180,6,33.16
6240,6,32.96
6300,6,32.67
6360,6,33.32
6420,6,34.6
6480,6,32.96
6540,6,35.43
6600,6,33.98
6660,6,34.26
6720,6,33.51
6780,6,32.67
6840,6,33.75
6900,6,33.24
6960,6,31.93
7020,6,33.5
7080,6,33.12
7140,6,33.23
7200,6,33.31
7260,6,35.23
7320,6,33.48
7380,6,34.35
7440,6,34.9
7500,6,33.88
7560,6,32.89
7620,6,33.85
7680,6,33.34
7740,6,34.33
7800,6,33.14
7860,6,33.26
7920,6,33.59
7980,6,35.97
8040,6,33.35
8100,6,34.53
8160,6,34.07
8220,6,32.72
8280,6,33.93
8340,6,32.99
8400,6,32.25
8460,6,34.42
8520,6,32.36
8580,6,33.03
8640,6,33.38
8700,6,32.78
8760,6,31.65
8820,6,33.78
8880,6,32.95
8940,6,32.61
9000,6,33.24
9060,6,33.37
9120,6,33.33
9180,6,32.45
9240,6,33.24
9300,6,33.16
9360,6,33.33
9420,6,33.39
9480,6,33.62
9540,6,32.72
9600,6,33.78
9660,6,32.99
9720,6,33.64
9780,6,32.48
9840,6,33.16
9900,6,31.75
9960,6,32.67
10020,6,33.02
10080,6,32
10140,6,31.95
10200,6,34.18
10260,6,32.33
10320,6,33.25
10380,6,32.93
10440,6,34.18
10500,6,34.04
10560,6,33.76
10620,6,33.03
10680,6,34.03
10740,6,33.34
10800,6,32.41
10860,6,33.44
10920,6,34.15
10980,6,32.3
11040,6,32.88
11100,6,34.91
11160,6,31.8
11220,6,34.41
11280,6,33.38
11340,6,32.41
11400,6,33.52
11460,6,33.65
11520,6,33.7
11580,6,32.93
11640,6,33.21
11700,6,33.29
11760,6,33.19
11820,6,33.11
11880,6,32.61
11940,6,32.79
12000,6,31.84
12060,6,32.71
12120,6,32.58
12180,6,34.05
12240,6,33.12
12300,6,33.64
12360,6,34.05
12420,6,31.72
12480,6,33.7
12540,6,33.41
12600,6,33.68
12660,6,32.78
12720,6,33.68
12780,6,32.81
12840,6,32.4
12900,6,33.16
12960,6,33.52
13020,6,33.16
13080,6,32.29
13140,6,32.94
13200,6,32.33
13260,6,33.68
13320,6,32.85
13380,6,33.13
13440,6,33.49
13500,6,33.65
13560,6,33.75
13620,6,33.4
13680,6,32.82
13740,6,33.64
13800,6,32.96
13860,6,32.06
13920,6,34.5
13980,6,33.14
14040,6,32.3
14100,6,33.27
14160,6,33.38
14220,6,34.61
14280,6,35.22
14340,6,34.59
14365,6,32.86
60,7,32.39
120,7,33.87
180,7,33.32
240,7,33.45
300,7,33
360,7,33.76
420,7,32.78
480,7,34.53
540,7,34.18
600,7,33.75
660,7,32.77
720,7,33.77
780,7,34.2
840,7,33.84
900,7,33.74
960,7,33.99
1020,7,31.81
1080,7,34.47
1140,7,32.7
1200,7,32.84
1260,7,33.61
1320,7,32.94
1380,7,32.88
1440,7,32.76
1500,7,33.5
1560,7,32.9
1620,7,33.95
1680,7,33.6
1740,7,32.26
1800,7,32.36
1860,7,33.62
1920,7,33.87
1980,7,33.21
2040,7,34.23
2100,7,33.04
2160,7,32.58
2220,7,33.28
2280,7,33.65
2340,7,33.88
2400,7,33.14
2460,7,33.32
2520,7,31.82
2580,7,33.07
2640,7,34.26
2700,7,33.24
2760,7,34.23
2820,7,34.09
2880,7,32.59
2940,7,32.77
3000,7,33.5
3060,7,33.35
3120,7,32.67
3180,7,33.17
3240,7,34.34
3300,7,32.89
3360,7,33.66
3420,7,33.77
3480,7,34.89
3540,7,33.71
3600,7,34.02
3660,7,33.65
3720,7,33.65
3780,7,32.54
3840,7,33.37
3900,7,32.37
3960,7,33.63
4020,7,33.81
4080,7,32
4140,7,33.31
4200,7,33.17
4260,7,32.98
4320,7,32.93
4380,7,32.22
4440,7,33.27
4500,7,33.06
4560,7,32.69
4620,7,32.14
4680,7,33.07
4740,7,33.74
4800,7,33.71
4860,7,33.06
4920,7,33
4980,7,33.84
5040,7,33.46
5100,7,33.97
5160,7,32.43
5220,7,34.24
5280,7,33.52
5340,7,33.52
5400,7,32.47
5460,7,32.18
5520,7,33.03
5580,7,32.88
5640,7,33.87
5700,7,33.16
5760,7,32.63
5820,7,33.28
5880,7,32.49
5940,7,32.4
6000,7,32.4
6060,7,33.72
6120,7,32.33
6180,7,33.15
6240,7,32.99
6300,7,32.68
6360,7,33.4
6420,7,34.35
6480,7,32.71
6540,7,35.5
6600,7,33.98
6660,7,34.26
6720,7,33.5
6780,7,32.68
6840,7,33.77
6900,7,33.23
6960,7,31.92
7020,7,33.48
7080,7,33.21
7140,7,33.17
7200,7,33.29
7260,7,35.26
7320,7,33.45
7380,7,34.35
7440,7,34.87
7500,7,33.86
7560,7,32.89
7620,7,33.85
7680,7,33.34
7740,7,34.31
7800,7,33.14
7860,7,33.26
7920,7,34.18
7980,7,35.97
8040,7,33.34
8100,7,34.54
8160,7,34.06
8220,7,32.74
8280,7,33.95
8340,7,33.63
8400,7,32.26
8460,7,34.39
8520,7,32.37
8580,7,32.79
8640,7,33.56
8700,7,32.77
8760,7,31.64
8820,7,33.68
8880,7,32.94
8940,7,32.53
9000,7,33.23
9060,7,33.39
9120,7,33.37
9180,7,32.46
9240,7,33.13
9300,7,33.17
9360,7,32.51
9420,7,33.39
9480,7,33.63
9540,7,32.73
9600,7,33.71
9660,7,32.57
9720,7,33.95
9780,7,32.49
9840,7,33.08
9900,7,31.69
9960,7,32.65
10020,7,32.95
10080,7,32.01
10140,7,31.89
10200,7,34.09
10260,7,32.3
10320,7,33.24
10380,7,33.14
10440,7,34.16
10500,7,34.07
10560,7,33.77
10620,7,33.03
10680,7,33.12
10740,7,33.34
10800,7,32.41
10860,7,33.38
10920,7,34.18
10980,7,32.3
11040,7,32.86
11100,7,34.82
11160,7,32.3
11220,7,33.98
11280,7,33.9
11340,7,32.41
11400,7,33.51
11460,7,33.63
11520,7,33.69
11580,7,32.99
11640,7,33.03
11700,7,33.31
11760,7,33.18
11820,7,32.79
11880,7,33.36
11940,7,32.78
12000,7,31.67
12060,7,32.72
12120,7,32.56
12180,7,33.99
12240,7,33.12
12300,7,33.63
12360,7,33.77
12420,7,32.43
12480,7,33.71
12540,7,33.38
12600,7,33.64
12660,7,32.79
12720,7,33.52
12780,7,32.81
12840,7,32.41
12900,7,33.1
12960,7,33.5
13020,7,33.19
13080,7,32.29
13140,7,33.15
13200,7,32.22
13260,7,33.49
13320,7,32.87
13380,7,33.13
13440,7,33.47
13500,7,33.64
13560,7,33.75
13620,7,33.37
13680,7,32.82
13740,7,33.66
13800,7,32.99
13860,7,32.05
13920,7,34.56
13980,7,33.17
14040,7,32.9
14100,7,33.25
14160,7,33.38
14220,7,34.59
14280,7,35.22
14340,7,34.59
14365,7,32.86
60,8,32.14
120,8,33.92
180,8,33.32
240,8,33.43
300,8,32.86
360,8,33.74
420,8,32.76
480,8,34.45
540,8,34.18
600,8,33.72
660,8,32.67
720,8,33.8
780,8,34.16
840,8,33.85
900,8,33.75
960,8,33.98
1020,8,31.67
1080,8,34.46
1140,8,32.72
1200,8,32.85
1260,8,33.6
1320,8,32.94
1380,8,34.11
1440,8,32.76
1500,8,33.47
1560,8,32.95
1620,8,33.95
1680,8,33.6
1740,8,32.26
1800,8,32.34
1860,8,33.61
1920,8,33.88
1980,8,33.21
2040,8,34.24
2100,8,33.03
2160,8,32.61
2220,8,33.29
2280,8,33.64
2340,8,33.88
2400,8,33.14
2460,8,33.32
2520,8,31.81
2580,8,33.05
2640,8,34.26
2700,8,33.24
2760,8,34.52
2820,8,33.85
2880,8,32.59
2940,8,32.79
3000,8,33.43
3060,8,33.33
3120,8,32.66
3180,8,33.15
3240,8,34.53
3300,8,32.81
3360,8,33.67
3420,8,33.95
3480,8,34.62
3540,8,33.7
3600,8,34.01
3660,8,33.64
3720,8,33.63
3780,8,32.53
3840,8,33.33
3900,8,31.65
3960,8,33.64
4020,8,33.8
4080,8,31.98
4140,8,33.51
4200,8,33.47
4260,8,32.99
4320,8,32.91
4380,8,31.86
4440,8,33.01
4500,8,33.23
4560,8,32.61
4620,8,32.16
4680,8,33.06
4740,8,33.72
4800,8,33.72
4860,8,33.07
4920,8,33
4980,8,34.02
5040,8,33.45
5100,8,33.94
5160,8,32.44
5220,8,34.22
5280,8,33.5
5340,8,33.52
5400,8,32.48
5460,8,32.14
5520,8,33.03
5580,8,32.91
5640,8,33.89
5700,8,33.18
5760,8,32.65
5820,8,33.28
5880,8,32.49
5940,8,32.42
6000,8,32.39
6060,8,33.7
6120,8,32.31
6180,8,33.13
6240,8,32.95
6300,8,32.7
6360,8,33.42
6420,8,34.32
6480,8,32.72
6540,8,35.49
6600,8,33.98
6660,8,34.25
6720,8,33.44
6780,8,32.68
6840,8,33.81
6900,8,33.28
6960,8,32.02
7020,8,33.48
7080,8,33.2
7140,8,33.16
7200,8,33.3
7260,8,35.34
7320,8,33.44
7380,8,34.36
7440,8,34.83
7500,8,33.96
7560,8,32.9
7620,8,33.84
7680,8,33.34
7740,8,34.29
7800,8,33.13
7860,8,33.27
7920,8,34.24
7980,8,35.96
8040,8,33.36
8100,8,34.5
8160,8,34.07
8220,8,32.7
8280,8,33.94
8340,8,33.68
8400,8,31.19
8460,8,34.36
8520,8,32.37
8580,8,32.77
8640,8,33.57
8700,8,32.78
8760,8,31.64
8820,8,33.29
8880,8,32.93
8940,8,32.53
9000,8,33.49
9060,8,33.19
9120,8,33.41
9180,8,32.63
9240,8,32.93
9300,8,33.16
9360,8,33.03
9420,8,33.37
9480,8,33.61
9540,8,32.43
9600,8,33.66
9660,8,32.58
9720,8,33.94
9780,8,32.51
9840,8,33.09
9900,8,31.53
9960,8,32.67
10020,8,32.96
10080,8,31.95
10140,8,31.89
10200,8,34.08
10260,8,32.31
10320,8,33.23
10380,8,33.16
10440,8,34.14
10500,8,33.8
10560,8,33.98
10620,8,33
10680,8,33.15
10740,8,33.34
10800,8,32.42
10860,8,33.39
10920,8,34.21
10980,8,32.3
11040,8,32.87
11100,8,34.69
11160,8,31.18
11220,8,33.99
11280,8,33.89
11340,8,32.41
11400,8,33.51
11460,8,33.61
11520,8,33.67
11580,8,32.99
11640,8,32.91
11700,8,33.35
11760,8,33.17
11820,8,32.81
11880,8,33.37
11940,8,32.78
12000,8,31.68
12060,8,32.38
12120,8,32.55
12180,8,33.97
12240,8,33.29
12300,8,33.4
12360,8,33.78
12420,8,32.44
12480,8,33.69
12540,8,33.39
12600,8,33.65
12660,8,32.82
12720,8,33.08
12780,8,33.05
12840,8,32.43
12900,8,33.12
12960,8,33.51
13020,8,33.2
13080,8,32.3
13140,8,33.13
13200,8,32.25
13260,8,33.48
13320,8,32.87
13380,8,33.12
13440,8,33.48
13500,8,33.62
13560,8,33.76
13620,8,33.36
13680,8,32.8
13740,8,33.68
13800,8,32.49
13860,8,32.06
13920,8,34.54
13980,8,33.16
14040,8,32.91
14100,8,33.27
14160,8,33.35
14220,8,34.58
14280,8,35.2
14340,8,34.61
14365,8,32.84
60,9,32.11
120,9,33.96
180,9,33.33
240,9,33.41
300,9,32.86
360,9,33.73
420,9,32.75
480,9,34.37
540,9,34.2
600,9,33.7
660,9,32.68
720,9,33.78
780,9,34.12
840,9,33.83
900,9,33.75
960,9,33.92
1020,9,31.48
1080,9,34.48
1140,9,32.73
1200,9,32.76
1260,9,33.63
1320,9,32.95
1380,9,33.22
1440,9,32.74
1500,9,33.43
1560,9,32.96
1620,9,33.96
1680,9,33.59
1740,9,32.28
1800,9,32.26
1860,9,33.62
1920,9,33.87
1980,9,33.2
2040,9,34.24
2100,9,33.01
2160,9,32.61
2220,9,33.29
2280,9,33.63
2340,9,33.87
2400,9,33.12
2460,9,33.33
2520,9,31.88
2580,9,33.57
2640,9,34.25
2700,9,33.24
2760,9,34.52
2820,9,33.85
2880,9,32.61
2940,9,32.8
3000,9,33.43
3060,9,33.32
3120,9,32.65
3180,9,33.15
3240,9,34.51
3300,9,32.83
3360,9,33.66
3420,9,33.94
3480,9,34.62
3540,9,33.71
3600,9,33.97
3660,9,33.64
3720,9,33.62
3780,9,32.44
3840,9,33.31
3900,9,32.05
3960,9,33.65
4020,9,33.8
4080,9,31.98
4140,9,33.51
4200,9,33.47
4260,9,32.99
4320,9,32.91
4380,9,31.82
4440,9,33.01
4500,9,33.22
4560,9,32.51
4620,9,32.16
4680,9,33.07
4740,9,33.73
4800,9,33.72
4860,9,33.07
4920,9,32.97
4980,9,33.24
5040,9,33.45
5100,9,33.95
5160,9,32.43
5220,9,33.61
5280,9,33.51
5340,9,33.51
5400,9,32.48
5460,9,32.16
5520,9,33.18
5580,9,32.85
5640,9,33.92
5700,9,33.16
5760,9,32.65
5820,9,32.81
5880,9,32.49
5940,9,32.44
6000,9,32.37
6060,9,33.7
6120,9,32.29
6180,9,33.16
6240,9,32.91
6300,9,32.69
6360,9,33.43
6420,9,33.04
6480,9,32.76
6540,9,35.49
6600,9,33.98
6660,9,34.25
6720,9,33.41
6780,9,32.79
6840,9,33.65
6900,9,33.27
6960,9,32.02
7020,9,33.48
7080,9,33.22
7140,9,33.17
7200,9,33.28
7260,9,35.39
7320,9,33.42
7380,9,34.36
7440,9,34.83
7500,9,33.93
7560,9,32.91
7620,9,33.85
7680,9,33.33
7740,9,34.27
7800,9,33.15
7860,9,33.53
7920,9,33.96
7980,9,35.95
8040,9,33.36
8100,9,34.46
8160,9,33.47
8220,9,32.72
8280,9,33.96
8340,9,33.73
8400,9,31.91
8460,9,34.35
8520,9,31.39
8580,9,32.76
8640,9,33.58
8700,9,32.8
8760,9,31.62
8820,9,33.28
8880,9,32.9
8940,9,32.55
9000,9,33.48
9060,9,33.21
9120,9,33.43
9180,9,32.51
9240,9,32.93
9300,9,33.16
9360,9,32.6
9420,9,33.89
9480,9,33.6
9540,9,32.62
9600,9,33.46
9660,9,32.57
9720,9,33.94
9780,9,32.53
9840,9,33.1
9900,9,31.47
9960,9,32.67
10020,9,32.95
10080,9,31.79
10140,9,31.97
10200,9,34.18
10260,9,32.31
10320,9,33.25
10380,9,33.13
10440,9,34.14
10500,9,33.81
10560,9,34.15
10620,9,32.88
10680,9,33.17
10740,9,33.35
10800,9,32.4
10860,9,33.41
10920,9,34.35
10980,9,32.31
11040,9,32.88
11100,9,34.68
11160,9,32.11
11220,9,33.97
11280,9,33.91
11340,9,32.4
11400,9,33.5
11460,9,33.59
11520,9,33.66
11580,9,33
11640,9,33.54
11700,9,33.56
11760,9,33
11820,9,32.81
11880,9,33.37
11940,9,32.77
12000,9,31.67
12060,9,32.41
12120,9,32.42
12180,9,34.01
12240,9,33.3
12300,9,33.41
12360,9,33.84
12420,9,32.44
12480,9,33.64
12540,9,33.39
12600,9,33.67
12660,9,32.83
12720,9,33.07
12780,9,32.57
12840,9,32.46
12900,9,33.13
12960,9,33.5
13020,9,33.17
13080,9,32.15
13140,9,33.39
13200,9,32.25
13260,9,33.58
13320,9,32.8
13380,9,33.15
13440,9,33.54
13500,9,33.2
13560,9,33.76
13620,9,33.36
13680,9,33.01
13740,9,33.5
13800,9,32.4
13860,9,32.06
13920,9,34.55
13980,9,33.14
14040,9,32.93
14100,9,33.26
14160,9,33.35
14220,9,34.57
14280,9,35.19
14340,9,34.59
14365,9,32.86
60,10,32.13
120,10,33.96
180,10,33.31
240,10,33.38
300,10,32.86
360,10,33.73
420,10,32.75
480,10,34.38
540,10,34.21
600,10,33.66
660,10,32.66
720,10,33.68
780,10,33.76
840,10,33.83
900,10,33.76
960,10,33.81
1020,10,31.29
1080,10,34.47
1140,10,32.74
1200,10,32.78
1260,10,33.6
1320,10,32.94
1380,10,33.32
1440,10,32.75
1500,10,33.42
1560,10,32.94
1620,10,33.96
1680,10,33.58
1740,10,32.28
1800,10,32.21
1860,10,33.59
1920,10,33.86
1980,10,33.19
2040,10,34.25
2100,10,33.01
2160,10,32.64
2220,10,33.3
2280,10,33.64
2340,10,33.86
2400,10,33.12
2460,10,33.35
2520,10,31.89
2580,10,32.39
2640,10,34.26
2700,10,33.26
2760,10,34.51
2820,10,33.85
2880,10,32.6
2940,10,32.8
3000,10,33.44
3060,10,33.3
3120,10,32.64
3180,10,33.13
3240,10,34.51
3300,10,32.82
3360,10,33.64
3420,10,33.93
3480,10,34.63
3540,10,33.69
3600,10,33.96
3660,10,33.63
3720,10,33.6
3780,10,32.41
3840,10,33.31
3900,10,32.09
3960,10,33.66
4020,10,33.79
4080,10,31.97
4140,10,33.5
4200,10,33.49
4260,10,33
4320,10,32.88
4380,10,31.83
4440,10,33.04
4500,10,33.23
4560,10,32.52
4620,10,32.17
4680,10,33.09
4740,10,33.73
4800,10,33.72
4860,10,33.08
4920,10,32.98
4980,10,33.23
5040,10,33.43
5100,10,33.96
5160,10,32.44
5220,10,33.54
5280,10,33.5
5340,10,33.48
5400,10,32.5
5460,10,32.18
5520,10,33.18
5580,10,33.78
5640,10,33.94
5700,10,33.15
5760,10,32.65
5820,10,32.86
5880,10,32.49
5940,10,32.45
6000,10,32.35
6060,10,33.7
6120,10,32.26
6180,10,33.13
6240,10,32.9
6300,10,32.71
6360,10,33.43
6420,10,33.65
6480,10,32.75
6540,10,35.49
6600,10,33.98
6660,10,34.23
6720,10,33.4
6780,10,32.05
6840,10,33.65
6900,10,33.26
6960,10,32.02
7020,10,33.45
7080,10,33.22
7140,10,33.15
7200,10,33.29
7260,10,35.44
7320,10,33.37
7380,10,34.32
7440,10,34.82
7500,10,33.92
7560,10,32.91
7620,10,33.85
7680,10,33.32
7740,10,34.27
7800,10,33.15
7860,10,33.53
7920,10,34.01
7980,10,35.95
8040,10,33.35
8100,10,34.46
8160,10,33.55
8220,10,32.72
8280,10,33.97
8340,10,33.8
8400,10,32.25
8460,10,33.88
8520,10,31.96
8580,10,32.74
8640,10,33.57
8700,10,32.81
8760,10,31.64
8820,10,33.28
8880,10,32.89
8940,10,32.57
9000,10,33.49
9060,10,33.23
9120,10,33.43
9180,10,32.42
9240,10,32.94
9300,10,33.16
9360,10,32.7
9420,10,32.86
9480,10,33.62
9540,10,32.67
9600,10,33.46
9660,10,32.6
9720,10,33.92
9780,10,32.37
9840,10,33.24
9900,10,31.49
9960,10,32.55
10020,10,32.96
10080,10,31.31
10140,10,31.95
10200,10,34.17
10260,10,32.32
10320,10,33.25
10380,10,33.13
10440,10,34.15
10500,10,33.77
10560,10,34.17
10620,10,32.79
10680,10,33.16
10740,10,33.35
10800,10,32.39
10860,10,33.44
10920,10,34.32
10980,10,32.29
11040,10,32.76
11100,10,34.68
11160,10,32.16
11220,10,33.96
11280,10,33.88
11340,10,32.38
11400,10,33.48
11460,10,33.57
11520,10,33.59
11580,10,32.99
11640,10,32.97
11700,10,33.55
11760,10,32.99
11820,10,32.81
11880,10,33.36
11940,10,32.77
12000,10,31.67
12060,10,32.42
12120,10,32.42
12180,10,33.98
12240,10,33.27
12300,10,33.41
12360,10,33.87
12420,10,32.45
12480,10,33.62
12540,10,33.39
12600,10,33.65
12660,10,32.71
12720,10,33.16
12780,10,33.04
12840,10,32.23
12900,10,32.93
12960,10,33.5
13020,10,33.18
13080,10,32.16
13140,10,33.36
13200,10,32.27
13260,10,33.56
13320,10,32.78
13380,10,33.14
13440,10,33.54
13500,10,32.97
13560,10,33.77
13620,10,33.48
13680,10,32.9
13740,10,33.52
13800,10,32.42
13860,10,32.07
13920,10,34.52
13980,10,33.13
14040,10,32.94
14100,10,33.26
14160,10,33.34
14220,10,34.56
14280,10,35.2
14340,10,34.59
14365,10,32.83
60,11,32.14
120,11,33.95
180,11,33.34
240,11,33.38
300,11,32.86
360,11,33.77
420,11,32.76
480,11,34.35
540,11,34.23
600,11,33.63
660,11,32.67
720,11,33.31
780,11,33.7
840,11,33.84
900,11,33.77
960,11,33.72
1020,11,31.1
1080,11,34.47
1140,11,32.76
1200,11,32.77
1260,11,33.61
1320,11,32.94
1380,11,33.41
1440,11,32.74
1500,11,33.38
1560,11,32.95
1620,11,33.81
1680,11,33.74
1740,11,32.29
1800,11,32.19
1860,11,33.6
1920,11,33.87
1980,11,33.17
2040,11,34.26
2100,11,33.03
2160,11,32.65
2220,11,33.29
2280,11,33.64
2340,11,33.86
2400,11,33.11
2460,11,33.36
2520,11,31.88
2580,11,32.43
2640,11,34.25
2700,11,33.26
2760,11,34.49
2820,11,33.85
2880,11,32.61
2940,11,32.81
3000,11,33.43
3060,11,33.33
3120,11,32.62
3180,11,33.1
3240,11,34.53
3300,11,32.84
3360,11,33.63
3420,11,34.02
3480,11,34.5
3540,11,33.71
3600,11,33.92
3660,11,33.61
3720,11,33.58
3780,11,32.57
3840,11,33.09
3900,11,32.13
3960,11,33.67
4020,11,33.77
4080,11,31.96
4140,11,33.48
4200,11,33.48
4260,11,32.98
4320,11,32.87
4380,11,31.88
4440,11,33.07
4500,11,33.24
4560,11,32.52
4620,11,32.17
4680,11,33.11
4740,11,33.73
4800,11,33.73
4860,11,33.06
4920,11,32.97
4980,11,33.24
5040,11,33.43
5100,11,33.93
5160,11,32.43
5220,11,33.57
5280,11,33.43
5340,11,33.47
5400,11,32.52
5460,11,32.18
5520,11,33.16
5580,11,32.3
5640,11,33.92
5700,11,33.14
5760,11,32.66
5820,11,32.89
5880,11,32.49
5940,11,32.47
6000,11,32.34
6060,11,33.71
6120,11,32.24
6180,11,33.12
6240,11,32.86
6300,11,32.7
6360,11,33.43
6420,11,33.65
6480,11,32.77
6540,11,35.49
6600,11,33.97
6660,11,34.23
6720,11,33.35
6780,11,32.11
6840,11,33.64
6900,11,33.27
6960,11,32.04
7020,11,33.46
7080,11,33.22
7140,11,33.13
7200,11,33.28
7260,11,35.47
7320,11,33.35
7380,11,34.34
7440,11,34.81
7500,11,33.89
7560,11,32.9
7620,11,33.85
7680,11,33.32
7740,11,34.26
7800,11,33.14
7860,11,33.53
7920,11,34
7980,11,35.97
8040,11,33.35
8100,11,34.48
8160,11,33.6
8220,11,32.69
8280,11,33.98
8340,11,33.83
8400,11,32.29
8460,11,33.77
8520,11,32
8580,11,32.72
8640,11,33.52
8700,11,32.91
8760,11,31.63
8820,11,33.22
8880,11,32.95
8940,11,32.58
9000,11,33.48
9060,11,33.23
9120,11,33.43
9180,11,32.42
9240,11,32.95
9300,11,33.16
9360,11,32.72
9420,11,32.93
9480,11,33.61
9540,11,32.7
9600,11,33.5
9660,11,32.6
9720,11,33.92
9780,11,32.38
9840,11,33.24
9900,11,31.47
9960,11,32.56
10020,11,32.98
10080,11,31.28
10140,11,31.96
10200,11,34.16
10260,11,32.33
10320,11,33.26
10380,11,33.13
10440,11,34.14
10500,11,33.77
10560,11,34.14
10620,11,32.77
10680,11,33.16
10740,11,33.35
10800,11,32.41
10860,11,33.46
10920,11,34.33
10980,11,32.32
11040,11,32.7
11100,11,34.64
11160,11,32.2
11220,11,33.96
11280,11,33.89
11340,11,32.38
11400,11,33.48
11460,11,33.55
11520,11,33.48
11580,11,33
11640,11,33.03
11700,11,33.56
11760,11,33.03
11820,11,32.81
11880,11,33.37
11940,11,32.77
12000,11,31.68
12060,11,32.42
12120,11,32.42
12180,11,33.96
12240,11,33.23
12300,11,33.43
12360,11,33.9
12420,11,32.48
12480,11,33.61
12540,11,33.37
12600,11,33.67
12660,11,32.72
12720,11,33.14
12780,11,33.06
12840,11,32.31
12900,11,33.09
12960,11,33.33
13020,11,33.19
13080,11,32.17
13140,11,33.35
13200,11,32.29
13260,11,33.55
13320,11,32.79
13380,11,33.16
13440,11,33.55
13500,11,32.85
13560,11,33.69
13620,11,33.67
13680,11,32.88
13740,11,33.55
13800,11,32.4
13860,11,32.17
13920,11,34.51
13980,11,33.22
14040,11,32.18
14100,11,33.27
14160,11,33.33
14220,11,34.53
14280,11,35.18
14340,11,34.58
14365,11,32.86
60,12,32.12
120,12,33.97
180,12,33.34
240,12,33.37
300,12,32.86
360,12,33.78
420,12,32.75
480,12,34.34
540,12,34.24
600,12,33.61
660,12,32.65
720,12,33.37
780,12,33.67
840,12,33.86
900,12,33.78
960,12,33.71
1020,12,32.33
1080,12,34.47
1140,12,32.77
1200,12,32.77
1260,12,33.6
1320,12,32.94
1380,12,33.5
1440,12,32.73
1500,12,32.83
1560,12,33.48
1620,12,33.83
1680,12,33.75
1740,12,32.28
1800,12,32.18
1860,12,33.51
1920,12,33.86
1980,12,33.18
2040,12,34.32
2100,12,33.03
2160,12,32.66
2220,12,33.3
2280,12,33.62
2340,12,33.82
2400,12,33.11
2460,12,33.36
2520,12,31.88
2580,12,32.46
2640,12,34.23
2700,12,33.26
2760,12,34.49
2820,12,33.84
2880,12,32.57
2940,12,32.83
3000,12,33.44
3060,12,33.31
3120,12,32.61
3180,12,33.1
3240,12,34.51
3300,12,32.84
3360,12,33.63
3420,12,34.02
3480,12,34.5
3540,12,33.68
3600,12,33.93
3660,12,33.63
3720,12,33.55
3780,12,32.58
3840,12,32.97
3900,12,32.29
3960,12,33.69
4020,12,33.78
4080,12,31.96
4140,12,33.48
4200,12,33.49
4260,12,32.99
4320,12,32.86
4380,12,31.89
4440,12,33.07
4500,12,33.26
4560,12,32.52
4620,12,32.19
4680,12,33.11
4740,12,33.75
4800,12,33.73
4860,12,33.06
4920,12,32.93
4980,12,33.22
5040,12,33.44
5100,12,33.93
5160,12,32.44
5220,12,33.92
5280,12,33.14
5340,12,33.53
5400,12,32.54
5460,12,32.2
5520,12,33.14
5580,12,32.41
5640,12,33.91
5700,12,33.14
5760,12,32.66
5820,12,32.89
5880,12,32.49
5940,12,32.48
6000,12,32.33
6060,12,33.71
6120,12,32.22
6180,12,33.1
6240,12,32.84
6300,12,32.71
6360,12,33.43
6420,12,33.64
6480,12,32.77
6540,12,35.48
6600,12,33.98
6660,12,34.2
6720,12,33.31
6780,12,32.17
6840,12,33.65
6900,12,33.28
6960,12,32.03
7020,12,33.45
7080,12,33.24
7140,12,33.13
7200,12,33.28
7260,12,35.47
7320,12,33.34
7380,12,34.34
7440,12,34.82
7500,12,33.9
7560,12,32.91
7620,12,33.83
7680,12,33.31
7740,12,34.23
7800,12,33.14
7860,12,33.53
7920,12,34.03
7980,12,35.49
8040,12,33.97
8100,12,34.49
8160,12,33.65
8220,12,32.69
8280,12,33.87
8340,12,33.83
8400,12,32.3
8460,12,33.53
8520,12,32.34
8580,12,32.72
8640,12,33.51
8700,12,32.92
8760,12,31.64
8820,12,33.21
8880,12,32.94
8940,12,32.59
9000,12,33.48
9060,12,33.28
9120,12,33.37
9180,12,32.42
9240,12,32.96
9300,12,33.16
9360,12,32.79
9420,12,32.86
9480,12,33.68
9540,12,32.75
9600,12,33.5
9660,12,32.6
9720,12,33.92
9780,12,32.39
9840,12,33.25
9900,12,31.5
9960,12,32.55
10020,12,32.98
10080,12,31.23
10140,12,31.95
10200,12,34.16
10260,12,32.33
10320,12,33.26
10380,12,33.11
10440,12,34.12
10500,12,33.75
10560,12,34.14
10620,12,32.69
10680,12,33.11
10740,12,33.35
10800,12,32.38
10860,12,33.46
10920,12,34.33
10980,12,32.34
11040,12,32.71
11100,12,34.62
11160,12,32.26
11220,12,33.96
11280,12,33.88
11340,12,32.38
11400,12,33.72
11460,12,33.29
11520,12,33.45
11580,12,32.99
11640,12,33.1
11700,12,33.55
11760,12,32.98
11820,12,32.91
11880,12,33.28
11940,12,32.76
12000,12,31.69
12060,12,32.41
12120,12,32.42
12180,12,33.93
12240,12,33.2
12300,12,33.43
12360,12,33.91
12420,12,32.48
12480,12,33.58
12540,12,33.35
12600,12,33.67
12660,12,32.74
12720,12,33.14
12780,12,33.05
12840,12,32.37
12900,12,33.07
12960,12,33.32
13020,12,33.22
13080,12,32.17
13140,12,33.35
13200,12,32.29
13260,12,33.53
13320,12,32.84
13380,12,33.14
13440,12,33.56
13500,12,32.89
13560,12,33.71
13620,12,33.65
13680,12,32.87
13740,12,33.54
13800,12,32.41
13860,12,32.21
13920,12,34.36
13980,12,33.14
14040,12,32.25
14100,12,32.73
14160,12,33.82
14220,12,34.53
14280,12,35.17
14340,12,34.6
14365,12,32.85
60,13,32.22
120,13,33.76
180,13,33.35
240,13,33.34
300,13,32.84
360,13,33.75
420,13,32.75
480,13,34.37
540,13,34.22
600,13,33.84
660,13,32.5
720,13,33.43
780,13,33.65
840,13,33.85
900,13,33.72
960,13,33.77
1020,13,30.97
1080,13,34.48
1140,13,32.79
1200,13,32.8
1260,13,33.49
1320,13,32.96
1380,13,33.59
1440,13,32.64
1500,13,32.87
1560,13,33.47
1620,13,33.83
1680,13,33.73
1740,13,32.29
1800,13,32.1
1860,13,33.51
1920,13,33.85
1980,13,33.16
2040,13,34.31
2100,13,33.03
2160,13,32.68
2220,13,33.3
2280,13,33.62
2340,13,33.81
2400,13,33.09
2460,13,33.38
2520,13,31.89
2580,13,32.51
2640,13,34.23
2700,13,33.26
2760,13,34.47
2820,13,33.84
2880,13,32.57
2940,13,32.84
3000,13,33.44
3060,13,33.31
3120,13,32.6
3180,13,33.07
3240,13,34.5
3300,13,32.63
3360,13,33.8
3420,13,34.01
3480,13,34.5
3540,13,33.8
3600,13,33.77
3660,13,33.62
3720,13,33.54
3780,13,32.57
3840,13,32.96
3900,13,32.33
3960,13,33.58
4020,13,33.77
4080,13,31.96
4140,13,33.47
4200,13,33.48
4260,13,33
4320,13,32.83
4380,13,31.91
4440,13,33.11
4500,13,33.26
4560,13,32.42
4620,13,32.29
4680,13,33.12
4740,13,33.74
4800,13,33.78
4860,13,32.6
4920,13,33.4
4980,13,33.25
5040,13,33.42
5100,13,33.91
5160,13,32.43
5220,13,33.92
5280,13,33.15
5340,13,33.51
5400,13,32.57
5460,13,32.22
5520,13,33.14
5580,13,32.29
5640,13,33.99
5700,13,33.09
5760,13,32.66
5820,13,32.9
5880,13,32.49
5940,13,32.48
6000,13,32.32
6060,13,33.72
6120,13,32.23
6180,13,33.07
6240,13,32.79
6300,13,32.71
6360,13,33.43
6420,13,33.66
6480,13,32.79
6540,13,35.48
6600,13,33.97
6660,13,34.2
6720,13,33.29
6780,13,32.22
6840,13,33.65
6900,13,33.28
6960,13,32.04
7020,13,33.43
7080,13,33.23
7140,13,33.12
7200,13,33.28
7260,13,35.47
7320,13,33.32
7380,13,34.34
7440,13,34.8
7500,13,33.87
7560,13,32.92
7620,13,33.85
7680,13,33.32
7740,13,34.23
7800,13,33.14
7860,13,33.54
7920,13,34.03
7980,13,35.48
8040,13,34.17
8100,13,34.28
8160,13,33.67
8220,13,32.7
8280,13,34.17
8340,13,33.58
8400,13,32.29
8460,13,33.52
8520,13,32.36
8580,13,32.69
8640,13,33.53
8700,13,32.92
8760,13,31.64
8820,13,33.2
8880,13,32.89
8940,13,32.62
9000,13,33.46
9060,13,33.29
9120,13,33.38
9180,13,32.42
9240,13,32.95
9300,13,33.15
9360,13,32.8
9420,13,32.91
9480,13,33.67
9540,13,32.79
9600,13,33.51
9660,13,32.63
9720,13,33.91
9780,13,32.38
9840,13,33.24
9900,13,31.52
9960,13,32.59
10020,13,32.99
10080,13,31.28
10140,13,31.94
10200,13,34.15
10260,13,32.34
10320,13,33.27
10380,13,33.11
10440,13,34.09
10500,13,33.74
10560,13,34.14
10620,13,32.6
10680,13,33.05
10740,13,33.35
10800,13,32.38
10860,13,33.48
10920,13,34.33
10980,13,32.34
11040,13,32.72
11100,13,34.61
11160,13,32.22
11220,13,33.94
11280,13,33.84
11340,13,32.38
11400,13,33.71
11460,13,33.29
11520,13,33.43
11580,13,33
11640,13,33.14
11700,13,33.54
11760,13,32.99
11820,13,32.9
11880,13,33.28
11940,13,32.89
12000,13,31.61
12060,13,32.44
12120,13,32.4
12180,13,33.91
12240,13,33.18
12300,13,33.42
12360,13,33.92
12420,13,32.47
12480,13,33.55
12540,13,33.35
12600,13,33.68
12660,13,32.75
12720,13,33.11
12780,13,33.05
12840,13,32.42
12900,13,33.06
12960,13,33.33
13020,13,33.23
13080,13,32.17
13140,13,33.34
13200,13,32.29
13260,13,33.52
13320,13,32.84
13380,13,33.12
13440,13,33.55
13500,13,32.89
13560,13,33.69
13620,13,33.64
13680,13,32.85
13740,13,33.54
13800,13,32.44
13860,13,32.21
13920,13,34.34
13980,13,33.14
14040,13,32.33
14100,13,32.71
14160,13,33.8
14220,13,34.53
14280,13,35.14
14340,13,34.59
14365,13,32.88
60,14,32.23
120,14,33.76
180,14,33.37
240,14,33.31
300,14,32.85
360,14,33.73
420,14,32.75
480,14,34.35
540,14,34.23
600,14,33.83
660,14,32.48
720,14,33.48
780,14,33.61
840,14,33.84
900,14,33.75
960,14,33.92
1020,14,31.15
1080,14,34.47
1140,14,32.8
1200,14,32.73
1260,14,33.45
1320,14,32.94
1380,14,33.66
1440,14,32.65
1500,14,32.84
1560,14,33.49
1620,14,33.83
1680,14,33.72
1740,14,32.29
1800,14,31.98
1860,14,33.51
1920,14,33.85
1980,14,33.16
2040,14,34.31
2100,14,33.02
2160,14,32.7
2220,14,33.28
2280,14,33.61
2340,14,33.81
2400,14,33.09
2460,14,33.38
2520,14,31.89
2580,14,32.56
2640,14,34.21
2700,14,33.28
2760,14,34.48
2820,14,34.05
2880,14,32.47
2940,14,32.81
3000,14,33.45
3060,14,33.26
3120,14,32.59
3180,14,33.06
3240,14,34.52
3300,14,32.64
3360,14,33.79
3420,14,33.99
3480,14,34.52
3540,14,33.8
3600,14,33.75
3660,14,33.57
3720,14,33.51
3780,14,32.58
3840,14,32.87
3900,14,32.33
3960,14,33.59
4020,14,33.76
4080,14,31.94
4140,14,33.63
4200,14,33.35
4260,14,33.07
4320,14,32.77
4380,14,31.93
4440,14,33.11
4500,14,33.26
4560,14,32.44
4620,14,32.29
4680,14,33.13
4740,14,33.76
4800,14,33.81
4860,14,32.54
4920,14,33.38
4980,14,33.27
5040,14,33.41
5100,14,33.91
5160,14,32.55
5220,14,33.68
5280,14,33.15
5340,14,33.51
5400,14,32.57
5460,14,32.22
5520,14,33.12
5580,14,32.39
5640,14,34
5700,14,33.13
5760,14,32.62
5820,14,32.91
5880,14,32.48
5940,14,32.49
6000,14,32.04
6060,14,33.82
6120,14,32.25
6180,14,33.06
6240,14,32.74
6300,14,32.72
6360,14,33.43
6420,14,33.65
6480,14,32.78
6540,14,35.5
6600,14,33.96
6660,14,34.18
6720,14,33.27
6780,14,32.27
6840,14,33.66
6900,14,33.22
6960,14,32.05
7020,14,33.44
7080,14,33.21
7140,14,33.1
7200,14,33.02
7260,14,35.52
7320,14,33.33
7380,14,34.34
7440,14,34.78
7500,14,33.88
7560,14,32.92
7620,14,33.82
7680,14,33.3
7740,14,34.21
7800,14,33.12
7860,14,33.74
7920,14,33.81
7980,14,35.48
8040,14,34.18
8100,14,34.29
8160,14,33.67
8220,14,32.7
8280,14,34.2
8340,14,33.57
8400,14,32.29
8460,14,33.51
8520,14,32.36
8580,14,32.68
8640,14,33.53
8700,14,33.11
8760,14,31.53
8820,14,33.18
8880,14,32.86
8940,14,32.62
9000,14,33.45
9060,14,33.32
9120,14,33.38
9180,14,32.43
9240,14,32.96
9300,14,33.13
9360,14,32.82
9420,14,32.91
9480,14,33.67
9540,14,32.81
9600,14,33.52
9660,14,32.62
9720,14,33.65
9780,14,32.63
9840,14,33.13
9900,14,31.75
9960,14,32.57
10020,14,33
10080,14,31.36
10140,14,31.94
10200,14,34.15
10260,14,32.35
10320,14,33.27
10380,14,33.09
10440,14,34.07
10500,14,33.75
10560,14,34.12
10620,14,32.61
10680,14,33.05
10740,14,33.34
10800,14,32.46
10860,14,33.28
10920,14,34.33
10980,14,32.34
11040,14,32.72
11100,14,34.58
11160,14,32.17
11220,14,33.58
11280,14,34.09
11340,14,32.35
11400,14,33.7
11460,14,33.27
11520,14,33.42
11580,14,32.98
11640,14,33.18
11700,14,33.53
11760,14,32.96
11820,14,32.9
11880,14,33.28
11940,14,32.89
12000,14,31.6
12060,14,32.45
12120,14,32.41
12180,14,33.82
12240,14,33.17
12300,14,33.3
12360,14,34.02
12420,14,32.57
12480,14,33.54
12540,14,33.35
12600,14,33.66
12660,14,32.76
12720,14,33.09
12780,14,33.01
12840,14,32.47
12900,14,33.08
12960,14,33.33
13020,14,33.23
13080,14,32.19
13140,14,33.34
13200,14,32.31
13260,14,33.53
13320,14,32.85
13380,14,33.11
13440,14,33.56
13500,14,32.88
13560,14,33.7
13620,14,33.69
13680,14,32.76
13740,14,33.53
13800,14,32.46
13860,14,32.21
13920,14,34.33
13980,14,33.14
14040,14,32.25
14100,14,32.72
14160,14,33.8
14220,14,34.5
14280,14,35.14
14340,14,34.6
14365,14,32.84
60,15,32.19
120,15,33.77
180,15,33.41
240,15,33.3
300,15,32.84
360,15,33.7
420,15,32.74
480,15,34.32
540,15,34.24
600,15,33.79
660,15,32.46
720,15,33.53
780,15,33.59
840,15,33.84
900,15,33.75
960,15,33.91
1020,15,31.22
1080,15,34.47
1140,15,32.81
1200,15,32.62
1260,15,33.43
1320,15,32.96
1380,15,33.69
1440,15,32.64
1500,15,32.8
1560,15,33.49
1620,15,33.85
1680,15,33.72
1740,15,32.3
1800,15,31.95
1860,15,33.5
1920,15,33.85
1980,15,33.15
2040,15,34.32
2100,15,33.02
2160,15,32.69
2220,15,33.28
2280,15,33.53
2340,15,33.81
2400,15,33.08
2460,15,33.4
2520,15,31.88
2580,15,32.59
2640,15,34.2
2700,15,33.28
2760,15,34.47
2820,15,34.05
2880,15,32.46
2940,15,32.8
3000,15,33.46
3060,15,33.22
3120,15,32.58
3180,15,33.04
3240,15,34.51
3300,15,32.64
3360,15,33.79
3420,15,33.98
3480,15,34.52
3540,15,33.8
3600,15,33.75
3660,15,33.48
3720,15,33.49
3780,15,32.59
3840,15,32.76
3900,15,32.34
3960,15,33.8
4020,15,33.54
4080,15,31.94
4140,15,33.59
4200,15,33.35
4260,15,33.07
4320,15,32.75
4380,15,31.94
4440,15,33.11
4500,15,33.25
4560,15,32.44
4620,15,32.29
4680,15,33.15
4740,15,33.75
4800,15,33.81
4860,15,32.46
4920,15,33.37
4980,15,33.26
5040,15,33.41
5100,15,33.9
5160,15,32.54
5220,15,33.68
5280,15,33.13
5340,15,33.49
5400,15,32.58
5460,15,32.23
5520,15,33.11
5580,15,32.43
5640,15,33.97
5700,15,33.1
5760,15,32.61
5820,15,33.03
5880,15,32.44
5940,15,32.4
6000,15,32.02
6060,15,33.81
6120,15,32.22
6180,15,33.32
6240,15,32.55
6300,15,32.69
6360,15,33.43
6420,15,33.69
6480,15,32.8
6540,15,35.48
6600,15,33.97
6660,15,34.16
6720,15,33.23
6780,15,32.32
6840,15,33.66
6900,15,33.2
6960,15,32.06
7020,15,33.42
7080,15,33.16
7140,15,33.13
7200,15,33.03
7260,15,35.54
7320,15,33.31
7380,15,34.36
7440,15,34.77
7500,15,33.89
7560,15,32.92
7620,15,33.85
7680,15,33.28
7740,15,34.19
7800,15,33.13
7860,15,33.74
7920,15,33.84
7980,15,35.49
8040,15,34.16
8100,15,34.28
8160,15,33.67
8220,15,32.69
8280,15,34.18
8340,15,33.58
8400,15,32.28
8460,15,33.44
8520,15,32.39
8580,15,32.62
8640,15,33.56
8700,15,33.11
8760,15,31.54
8820,15,33.12
8880,15,32.85
8940,15,32.63
9000,15,33.46
9060,15,33.31
9120,15,33.39
9180,15,32.42
9240,15,32.97
9300,15,33.13
9360,15,32.83
9420,15,32.93
9480,15,33.72
9540,15,32.81
9600,15,33.54
9660,15,32.63
9720,15,33.57
9780,15,32.62
9840,15,33.11
9900,15,31.84
9960,15,32.45
10020,15,32.99
10080,15,31.41
10140,15,31.84
10200,15,34.16
10260,15,32.34
10320,15,33.46
10380,15,32.96
10440,15,34.06
10500,15,33.73
10560,15,34.1
10620,15,32.6
10680,15,32.85
10740,15,33.51
10800,15,32.42
10860,15,33.29
10920,15,34.17
10980,15,32.61
11040,15,32.71
11100,15,34.58
11160,15,32.18
11220,15,33.57
11280,15,34.31
11340,15,32.21
11400,15,33.69
11460,15,33.24
11520,15,33.41
11580,15,32.99
11640,15,33.23
11700,15,33.54
11760,15,32.88
11820,15,32.93
11880,15,33.29
11940,15,32.86
12000,15,31.6
12060,15,32.45
12120,15,32.41
12180,15,33.7
12240,15,33.16
12300,15,33.29
12360,15,34.06
12420,15,32.59
12480,15,33.54
12540,15,33.34
12600,15,33.69
12660,15,32.77
12720,15,33.1
12780,15,32.93
12840,15,32.52
12900,15,33.07
12960,15,33.31
13020,15,33.26
13080,15,32.18
13140,15,33.32
13200,15,32.24
13260,15,33.5
13320,15,32.85
13380,15,33.11
13440,15,33.55
13500,15,32.77
13560,15,33.69
13620,15,33.59
13680,15,32.76
13740,15,33.51
13800,15,32.46
13860,15,32.2
13920,15,34.32
13980,15,33.12
14040,15,32.33
14100,15,32.71
14160,15,33.8
14220,15,34.49
14280,15,35.13
14340,15,34.61
14365,15,32.87
60,16,32.07
120,16,33.8
180,16,33.39
240,16,33.3
300,16,33
360,16,33.41
420,16,32.73
480,16,34.34
540,16,34.24
600,16,33.77
660,16,32.5
720,16,33.6
780,16,33.6
840,16,33.83
900,16,33.76
960,16,33.94
1020,16,31.29
1080,16,34.56
1140,16,32.78
1200,16,32.7
1260,16,33.44
1320,16,33.12
1380,16,33.5
1440,16,32.64
1500,16,32.79
1560,16,33.49
1620,16,33.84
1680,16,33.73
1740,16,32.31
1800,16,31.93
1860,16,33.49
1920,16,33.85
1980,16,33.13
2040,16,34.31
2100,16,33.02
2160,16,32.72
2220,16,33.28
2280,16,33.46
2340,16,33.78
2400,16,33.09
2460,16,33.39
2520,16,31.9
2580,16,32.63
2640,16,34.13
2700,16,33.3
2760,16,34.47
2820,16,34.04
2880,16,32.46
2940,16,32.79
3000,16,33.45
3060,16,33.12
3120,16,32.56
3180,16,33.05
3240,16,34.49
3300,16,32.63
3360,16,33.77
3420,16,33.97
3480,16,34.51
3540,16,33.8
3600,16,33.78
3660,16,33.46
3720,16,33.5
3780,16,32.56
3840,16,32.69
3900,16,32.34
3960,16,33.82
4020,16,33.54
4080,16,31.93
4140,16,33.59
4200,16,33.34
4260,16,33
4320,16,32.82
4380,16,31.95
4440,16,33.15
4500,16,33.26
4560,16,32.43
4620,16,32.4
4680,16,33.01
4740,16,33.75
4800,16,33.77
4860,16,32.51
4920,16,33.32
4980,16,33.22
5040,16,33.48
5100,16,33.88
5160,16,32.46
5220,16,33.71
5280,16,33.08
5340,16,33.49
5400,16,32.61
5460,16,32.25
5520,16,33.09
5580,16,32.49
5640,16,33.97
5700,16,33.01
5760,16,32.64
5820,16,33.03
5880,16,32.43
5940,16,32.33
6000,16,32.01
6060,16,33.82
6120,16,32.19
6180,16,33.33
6240,16,32.52
6300,16,32.7
6360,16,33.43
6420,16,33.89
6480,16,32.72
6540,16,35.5
6600,16,33.96
6660,16,33.76
6720,16,33.62
6780,16,32.4
6840,16,33.64
6900,16,33.2
6960,16,32.15
7020,16,33.21
7080,16,33.15
7140,16,33.13
7200,16,33.03
7260,16,35.54
7320,16,33.31
7380,16,34.35
7440,16,34.76
7500,16,33.91
7560,16,32.91
7620,16,33.85
7680,16,33.26
7740,16,34.2
7800,16,33.12
7860,16,33.74
7920,16,33.84
7980,16,35.49
8040,16,34.16
8100,16,34.29
8160,16,33.69
8220,16,32.67
8280,16,34.2
8340,16,33.58
8400,16,32.28
8460,16,33.38
8520,16,32.39
8580,16,32.61
8640,16,33.58
8700,16,33.12
8760,16,31.72
8820,16,32.84
8880,16,32.79
8940,16,32.62
9000,16,33.38
9060,16,33.33
9120,16,33.49
9180,16,32.39
9240,16,32.97
9300,16,33.11
9360,16,32.83
9420,16,32.92
9480,16,33.71
9540,16,32.83
9600,16,33.55
9660,16,32.65
9720,16,33.58
9780,16,32.61
9840,16,33.11
9900,16,31.86
9960,16,32.4
10020,16,33
10080,16,31.32
10140,16,31.82
10200,16,34.13
10260,16,32.35
10320,16,33.47
10380,16,32.95
10440,16,34.04
10500,16,33.73
10560,16,34.11
10620,16,32.61
10680,16,32.86
10740,16,33.51
10800,16,32.42
10860,16,33.19
10920,16,34.15
10980,16,32.61
11040,16,32.71
11100,16,34.59
11160,16,32.23
11220,16,33.56
11280,16,34.31
11340,16,32.32
11400,16,33.45
11460,16,33.22
11520,16,33.37
11580,16,32.99
11640,16,33.29
11700,16,33.53
11760,16,32.86
11820,16,32.93
11880,16,33.27
11940,16,32.87
12000,16,31.59
12060,16,32.46
12120,16,32.4
12180,16,33.66
12240,16,33.13
12300,16,33.3
12360,16,34.04
12420,16,32.58
12480,16,33.61
12540,16,33.29
12600,16,33.7
12660,16,32.77
12720,16,33.08
12780,16,32.86
12840,16,32.53
12900,16,33.09
12960,16,33.23
13020,16,33.31
13080,16,32.18
13140,16,33.32
13200,16,32.21
13260,16,33.49
13320,16,32.87
13380,16,33.11
13440,16,33.55
13500,16,32.58
13560,16,33.78
13620,16,33.57
13680,16,32.74
13740,16,33.52
13800,16,32.5
13860,16,32.3
13920,16,34.11
13980,16,33.11
14040,16,32.37
14100,16,32.73
14160,16,33.79
14220,16,34.48
14280,16,35.11
14340,16,34.69
14365,16,33.02
