60,-10,31.04
120,-10,31.24
180,-10,31.21
240,-10,31.24
300,-10,30.95
360,-10,30.95
420,-10,31.02
480,-10,31.21
540,-10,31.13
600,-10,31.04
660,-10,30.98
720,-10,31.21
780,-10,31.2
840,-10,30.95
900,-10,31.28
960,-10,31.24
1020,-10,30.78
1080,-10,31.24
1140,-10,30.98
1200,-10,30.87
1260,-10,31.11
1320,-10,30.77
1380,-10,31.09
1440,-10,31.02
1500,-10,31.06
1560,-10,31.13
1620,-10,30.99
1680,-10,31.08
1740,-10,30.98
1800,-10,31.09
1860,-10,31.15
1920,-10,31.28
1980,-10,30.97
2040,-10,31.04
2100,-10,31.19
2160,-10,31.15
2220,-10,31.24
2280,-10,31.15
2340,-10,31.26
2400,-10,30.86
2460,-10,31.1
2520,-10,30.68
2580,-10,31.09
2640,-10,31.16
2700,-10,30.86
2760,-10,31.17
2820,-10,31.01
2880,-10,30.86
2940,-10,31.26
3000,-10,31.24
3060,-10,31.22
3120,-10,30.74
3180,-10,31.18
3240,-10,30.97
3300,-10,31.18
3360,-10,31.03
3420,-10,31.22
3480,-10,31.2
3540,-10,31.27
3600,-10,31.22
3660,-10,31.16
3720,-10,31.04
3780,-10,31.23
3840,-10,31.21
3900,-10,31.09
3960,-10,31.09
4020,-10,31.22
4080,-10,31.21
4140,-10,31.16
4200,-10,31.18
4260,-10,31.08
4320,-10,31.21
4380,-10,31.2
4440,-10,31.23
4500,-10,31.09
4560,-10,31.17
4620,-10,31.04
4680,-10,31.01
4740,-10,31.28
4800,-10,31.07
4860,-10,31.14
4920,-10,31.11
4980,-10,31.13
5040,-10,31.15
5100,-10,31.14
5160,-10,31.09
5220,-10,31.16
5280,-10,31.19
5340,-10,31.17
5400,-10,30.9
5460,-10,31.21
5520,-10,31.07
5580,-10,31.06
5640,-10,30.97
5700,-10,30.9
5760,-10,30.94
5820,-10,31.16
5880,-10,30.97
5940,-10,31.15
6000,-10,31.26
6060,-10,30.95
6120,-10,30.78
6180,-10,31.17
6240,-10,30.9
6300,-10,31.2
6360,-10,30.94
6420,-10,31.21
6480,-10,31.21
6540,-10,31.22
6600,-10,31.1
6660,-10,30.95
6720,-10,30.81
6780,-10,31.24
6840,-10,31.21
6900,-10,31.22
6960,-10,30.58
7020,-10,31.18
7080,-10,30.98
7140,-10,31.27
7200,-10,31.24
7260,-10,31.23
7320,-10,30.64
7380,-10,31.33
7440,-10,31.23
7500,-10,31.12
7560,-10,31.01
7620,-10,31.02
7680,-10,31.19
7740,-10,31.19
7800,-10,31.02
7860,-10,31.02
7920,-10,31.2
7980,-10,31.22
8040,-10,31.04
8100,-10,31.19
8160,-10,31.22
8220,-10,30.92
8280,-10,31.2
8340,-10,31.01
8400,-10,31.3
8460,-10,31.11
8520,-10,31.26
8580,-10,31.25
8640,-10,31.18
8700,-10,31.11
8760,-10,30.83
8820,-10,31.23
8880,-10,31.14
8940,-10,30.99
9000,-10,30.98
9060,-10,31.1
9120,-10,31.08
9180,-10,31.05
9240,-10,31.22
9300,-10,31.1
9360,-10,31.08
9420,-10,31.09
9480,-10,31.17
9540,-10,31.18
9600,-10,31.21
9660,-10,31.05
9720,-10,31.24
9780,-10,31.23
9840,-10,31.17
9900,-10,30.91
9960,-10,31.13
10020,-10,31.19
10080,-10,31.22
10140,-10,31
10200,-10,31.19
10260,-10,30.82
10320,-10,31.19
10380,-10,31.11
10440,-10,31.28
10500,-10,31.17
10560,-10,30.83
10620,-10,31.14
10680,-10,31.21
10740,-10,30.98
10800,-10,30.96
10860,-10,31.01
10920,-10,31.24
10980,-10,31.02
11040,-10,31.17
11100,-10,31.21
11160,-10,31.06
11220,-10,31.23
11280,-10,30.92
11340,-10,31.08
11400,-10,31
11460,-10,31.2
11520,-10,31.19
11580,-10,31.17
11640,-10,31.18
11700,-10,31.16
11760,-10,31.23
11820,-10,31.22
11880,-10,30.99
11940,-10,31.06
12000,-10,30.85
12060,-10,31.01
12120,-10,30.99
12180,-10,30.99
12240,-10,31.07
12300,-10,31.14
12360,-10,31.22
12420,-10,31.04
12480,-10,31.06
12540,-10,31.22
12600,-10,31.21
12660,-10,31.15
12720,-10,31.07
12780,-10,31
12840,-10,30.94
12900,-10,31.15
12960,-10,31.22
13020,-10,31.04
13080,-10,30.94
13140,-10,31.13
13200,-10,30.79
13260,-10,31.08
13320,-10,31.17
13380,-10,30.74
13440,-10,31.15
13500,-10,30.97
13560,-10,31.13
13620,-10,31.15
13680,-10,30.79
13740,-10,31.26
13800,-10,31.12
13860,-10,31.22
13920,-10,31.26
13980,-10,31.12
14040,-10,30.86
14100,-10,31.02
14160,-10,30.99
14220,-10,31.11
14280,-10,31.22
14340,-10,31.29
14365,-10,-1
60,-9,31.44
120,-9,31.81
180,-9,31.81
240,-9,31.84
300,-9,31.3
360,-9,31.34
420,-9,31.42
480,-9,31.88
540,-9,31.76
600,-9,31.46
660,-9,31.49
720,-9,31.82
780,-9,31.83
840,-9,31.45
900,-9,31.88
960,-9,31.84
1020,-9,31.05
1080,-9,31.86
1140,-9,31.42
1200,-9,31.26
1260,-9,31.68
1320,-9,30.98
1380,-9,31.61
1440,-9,31.42
1500,-9,31.57
1560,-9,31.67
1620,-9,31.55
1680,-9,31.65
1740,-9,31.37
1800,-9,31.61
1860,-9,31.6
1920,-9,31.89
1980,-9,31.47
2040,-9,31.46
2100,-9,31.62
2160,-9,31.6
2220,-9,31.87
2280,-9,31.66
2340,-9,31.86
2400,-9,31.35
2460,-9,31.64
2520,-9,30.95
2580,-9,31.52
2640,-9,31.71
2700,-9,31.28
2760,-9,31.72
2820,-9,31.44
2880,-9,31.22
2940,-9,31.83
3000,-9,31.83
3060,-9,31.82
3120,-9,31.06
3180,-9,31.79
3240,-9,31.42
3300,-9,31.66
3360,-9,31.55
3420,-9,31.85
3480,-9,31.82
3540,-9,31.92
3600,-9,31.86
3660,-9,31.61
3720,-9,31.53
3780,-9,31.82
3840,-9,31.78
3900,-9,31.51
3960,-9,31.61
4020,-9,31.76
4080,-9,31.67
4140,-9,31.64
4200,-9,31.74
4260,-9,31.57
4320,-9,31.8
4380,-9,31.8
4440,-9,31.83
4500,-9,31.51
4560,-9,31.78
4620,-9,31.51
4680,-9,31.4
4740,-9,31.89
4800,-9,31.59
4860,-9,31.63
4920,-9,31.6
4980,-9,31.67
5040,-9,31.6
5100,-9,31.64
5160,-9,31.43
5220,-9,31.78
5280,-9,31.81
5340,-9,31.79
5400,-9,31.29
5460,-9,31.72
5520,-9,31.31
5580,-9,31.56
5640,-9,31.45
5700,-9,31.34
5760,-9,31.26
5820,-9,31.67
5880,-9,31.46
5940,-9,31.78
6000,-9,31.77
6060,-9,31.49
6120,-9,31.11
6180,-9,31.72
6240,-9,31.28
6300,-9,31.72
6360,-9,31.46
6420,-9,31.79
6480,-9,31.65
6540,-9,31.83
6600,-9,31.54
6660,-9,31.28
6720,-9,31.19
6780,-9,31.88
6840,-9,31.81
6900,-9,31.85
6960,-9,30.78
7020,-9,31.8
7080,-9,31.43
7140,-9,31.9
7200,-9,31.85
7260,-9,31.82
7320,-9,30.97
7380,-9,31.94
7440,-9,31.88
7500,-9,31.57
7560,-9,31.47
7620,-9,31.55
7680,-9,31.74
7740,-9,31.76
7800,-9,31.53
7860,-9,31.18
7920,-9,31.83
7980,-9,31.7
8040,-9,31.43
8100,-9,31.79
8160,-9,31.84
8220,-9,31.37
8280,-9,31.79
8340,-9,31.53
8400,-9,31.85
8460,-9,31.6
8520,-9,31.89
8580,-9,31.77
8640,-9,31.73
8700,-9,31.56
8760,-9,31.11
8820,-9,31.65
8880,-9,31.5
8940,-9,31.55
9000,-9,31.45
9060,-9,31.54
9120,-9,31.53
9180,-9,31.52
9240,-9,31.8
9300,-9,31.52
9360,-9,31.52
9420,-9,31.58
9480,-9,31.71
9540,-9,31.73
9600,-9,31.85
9660,-9,31.58
9720,-9,31.81
9780,-9,31.79
9840,-9,31.72
9900,-9,31.35
9960,-9,31.7
10020,-9,31.73
10080,-9,31.75
10140,-9,31.45
10200,-9,31.78
10260,-9,31.17
10320,-9,31.73
10380,-9,31.65
10440,-9,31.89
10500,-9,31.68
10560,-9,31.22
10620,-9,31.58
10680,-9,31.75
10740,-9,31.3
10800,-9,31.4
10860,-9,31.6
10920,-9,31.9
10980,-9,31.47
11040,-9,31.74
11100,-9,31.88
11160,-9,31.61
11220,-9,31.73
11280,-9,31.29
11340,-9,31.62
11400,-9,31.49
11460,-9,31.85
11520,-9,31.8
11580,-9,31.65
11640,-9,31.79
11700,-9,31.61
11760,-9,31.87
11820,-9,31.8
11880,-9,31.51
11940,-9,31.46
12000,-9,31.2
12060,-9,31.55
12120,-9,31.26
12180,-9,31.5
12240,-9,31.5
12300,-9,31.73
12360,-9,31.77
12420,-9,31.54
12480,-9,31.47
12540,-9,31.75
12600,-9,31.86
12660,-9,31.64
12720,-9,31.57
12780,-9,31.44
12840,-9,31.39
12900,-9,31.64
12960,-9,31.76
13020,-9,31.58
13080,-9,31.38
13140,-9,31.53
13200,-9,31.04
13260,-9,31.46
13320,-9,31.49
13380,-9,31.08
13440,-9,31.61
13500,-9,31.47
13560,-9,31.64
13620,-9,31.78
13680,-9,31.18
13740,-9,31.87
13800,-9,31.64
13860,-9,31.72
13920,-9,31.92
13980,-9,31.6
14040,-9,31.18
14100,-9,31.32
14160,-9,31.28
14220,-9,31.55
14280,-9,31.88
14340,-9,31.89
14365,-9,-1
60,-8,31.86
120,-8,32.16
180,-8,32.23
240,-8,32.36
300,-8,31.77
360,-8,31.73
420,-8,31.79
480,-8,32.48
540,-8,32.34
600,-8,31.84
660,-8,31.99
720,-8,32.41
780,-8,32.41
840,-8,31.96
900,-8,32.47
960,-8,32.37
1020,-8,31.35
1080,-8,32.4
1140,-8,31.81
1200,-8,31.71
1260,-8,32.19
1320,-8,31.18
1380,-8,32.03
1440,-8,31.72
1500,-8,32.06
1560,-8,32.19
1620,-8,32.03
1680,-8,31.98
1740,-8,31.65
1800,-8,32.1
1860,-8,32.01
1920,-8,32.48
1980,-8,31.84
2040,-8,31.88
2100,-8,31.93
2160,-8,31.92
2220,-8,32.44
2280,-8,32.16
2340,-8,32.41
2400,-8,31.76
2460,-8,32.16
2520,-8,31.2
2580,-8,32.08
2640,-8,31.99
2700,-8,31.64
2760,-8,32.21
2820,-8,31.87
2880,-8,31.49
2940,-8,32.26
3000,-8,32.24
3060,-8,32.4
3120,-8,31.24
3180,-8,32.37
3240,-8,31.8
3300,-8,32.04
3360,-8,32.02
3420,-8,32.42
3480,-8,32.46
3540,-8,32.48
3600,-8,32.45
3660,-8,31.95
3720,-8,31.93
3780,-8,32.24
3840,-8,32.36
3900,-8,31.9
3960,-8,32.11
4020,-8,32.18
4080,-8,32
4140,-8,32.09
4200,-8,32.21
4260,-8,32.08
4320,-8,32.39
4380,-8,32.28
4440,-8,32.41
4500,-8,31.94
4560,-8,32.31
4620,-8,31.95
4680,-8,31.72
4740,-8,32.49
4800,-8,32.01
4860,-8,32.12
4920,-8,31.93
4980,-8,32.05
5040,-8,31.92
5100,-8,32.02
5160,-8,31.77
5220,-8,32.36
5280,-8,32.34
5340,-8,32.34
5400,-8,31.6
5460,-8,32.15
5520,-8,31.5
5580,-8,31.88
5640,-8,31.9
5700,-8,31.67
5760,-8,31.57
5820,-8,32.06
5880,-8,31.89
5940,-8,32.39
6000,-8,32.21
6060,-8,32.03
6120,-8,31.32
6180,-8,32.23
6240,-8,31.69
6300,-8,32.18
6360,-8,31.93
6420,-8,32.46
6480,-8,32
6540,-8,32.37
6600,-8,31.87
6660,-8,31.56
6720,-8,31.55
6780,-8,32.48
6840,-8,32.37
6900,-8,32.43
6960,-8,30.93
7020,-8,32.36
7080,-8,31.79
7140,-8,32.38
7200,-8,32.47
7260,-8,32.38
7320,-8,31.22
7380,-8,32.52
7440,-8,32.53
7500,-8,31.96
7560,-8,31.82
7620,-8,32.06
7680,-8,32.18
7740,-8,32.02
7800,-8,32.04
7860,-8,31.31
7920,-8,32.41
7980,-8,32.16
8040,-8,31.78
8100,-8,32.37
8160,-8,32.4
8220,-8,31.67
8280,-8,32.4
8340,-8,31.89
8400,-8,32.13
8460,-8,31.95
8520,-8,32.46
8580,-8,32.2
8640,-8,32.18
8700,-8,31.98
8760,-8,31.16
8820,-8,32.04
8880,-8,31.78
8940,-8,31.98
9000,-8,31.89
9060,-8,31.95
9120,-8,31.9
9180,-8,31.9
9240,-8,32.29
9300,-8,31.96
9360,-8,31.94
9420,-8,32.07
9480,-8,32.16
9540,-8,32.22
9600,-8,32.37
9660,-8,32.07
9720,-8,32.31
9780,-8,32.28
9840,-8,32.21
9900,-8,31.71
9960,-8,32.11
10020,-8,32.24
10080,-8,32.22
10140,-8,31.84
10200,-8,32.29
10260,-8,31.51
10320,-8,32.16
10380,-8,32.17
10440,-8,32.38
10500,-8,32.19
10560,-8,31.53
10620,-8,32.02
10680,-8,32.26
10740,-8,31.64
10800,-8,31.66
10860,-8,32.1
10920,-8,32.47
10980,-8,31.91
11040,-8,32.2
11100,-8,32.49
11160,-8,32.06
11220,-8,32.19
11280,-8,31.56
11340,-8,32.05
11400,-8,31.88
11460,-8,32.43
11520,-8,32.42
11580,-8,32.11
11640,-8,32.28
11700,-8,32.03
11760,-8,32.43
11820,-8,32.4
11880,-8,32.06
11940,-8,31.83
12000,-8,31.36
12060,-8,31.96
12120,-8,31.48
12180,-8,31.96
12240,-8,31.9
12300,-8,32.24
12360,-8,32.25
12420,-8,31.96
12480,-8,31.81
12540,-8,32.24
12600,-8,32.33
12660,-8,32.15
12720,-8,32.04
12780,-8,31.82
12840,-8,31.78
12900,-8,32.13
12960,-8,32.25
13020,-8,32.01
13080,-8,31.7
13140,-8,31.89
13200,-8,31.29
13260,-8,31.8
13320,-8,31.74
13380,-8,31.36
13440,-8,31.91
13500,-8,32
13560,-8,32.12
13620,-8,32.36
13680,-8,31.43
13740,-8,32.46
13800,-8,32.2
13860,-8,32.06
13920,-8,32.48
13980,-8,31.96
14040,-8,31.48
14100,-8,31.63
14160,-8,31.57
14220,-8,31.95
14280,-8,32.36
14340,-8,32.42
14365,-8,-1
60,-7,32.19
120,-7,32.56
180,-7,32.62
240,-7,32.68
300,-7,32.08
360,-7,32.05
420,-7,32.13
480,-7,33.05
540,-7,32.8
600,-7,32.09
660,-7,32.51
720,-7,33.01
780,-7,32.92
840,-7,32.48
900,-7,33
960,-7,32.86
1020,-7,31.68
1080,-7,32.96
1140,-7,32.22
1200,-7,32.05
1260,-7,32.69
1320,-7,31.69
1380,-7,32.1
1440,-7,31.97
1500,-7,32.52
1560,-7,32.66
1620,-7,32.49
1680,-7,32.23
1740,-7,31.86
1800,-7,32.57
1860,-7,32.4
1920,-7,32.99
1980,-7,32.22
2040,-7,32.28
2100,-7,32.2
2160,-7,32.17
2220,-7,32.95
2280,-7,32.68
2340,-7,32.86
2400,-7,32.15
2460,-7,32.68
2520,-7,31.39
2580,-7,32.53
2640,-7,32.43
2700,-7,31.64
2760,-7,32.74
2820,-7,32.24
2880,-7,31.78
2940,-7,32.57
3000,-7,32.59
3060,-7,32.97
3120,-7,31.45
3180,-7,32.96
3240,-7,32.25
3300,-7,32.21
3360,-7,32.51
3420,-7,32.92
3480,-7,33.03
3540,-7,32.9
3600,-7,32.91
3660,-7,32.26
3720,-7,32.3
3780,-7,32.56
3840,-7,32.94
3900,-7,32.19
3960,-7,32.51
4020,-7,32.58
4080,-7,32.43
4140,-7,32.51
4200,-7,32.64
4260,-7,32.43
4320,-7,32.94
4380,-7,32.79
4440,-7,32.94
4500,-7,32.38
4560,-7,32.7
4620,-7,32.3
4680,-7,31.95
4740,-7,33.09
4800,-7,32.32
4860,-7,32.55
4920,-7,32.12
4980,-7,32.33
5040,-7,32.2
5100,-7,32.36
5160,-7,32.11
5220,-7,32.94
5280,-7,32.75
5340,-7,32.78
5400,-7,31.77
5460,-7,32.5
5520,-7,31.57
5580,-7,32.12
5640,-7,32.38
5700,-7,31.98
5760,-7,31.74
5820,-7,32.39
5880,-7,32.19
5940,-7,32.94
6000,-7,32.62
6060,-7,32.54
6120,-7,31.56
6180,-7,32.71
6240,-7,32.03
6300,-7,32.55
6360,-7,32.42
6420,-7,33.11
6480,-7,32.28
6540,-7,32.91
6600,-7,32.32
6660,-7,31.86
6720,-7,31.84
6780,-7,33.05
6840,-7,32.81
6900,-7,33.02
6960,-7,31.05
7020,-7,32.66
7080,-7,32.26
7140,-7,32.82
7200,-7,33.03
7260,-7,32.79
7320,-7,31.33
7380,-7,33.15
7440,-7,33.13
7500,-7,32.4
7560,-7,32.12
7620,-7,32.43
7680,-7,32.61
7740,-7,32.13
7800,-7,32.49
7860,-7,31.43
7920,-7,33.01
7980,-7,32.62
8040,-7,32.1
8100,-7,32.97
8160,-7,32.89
8220,-7,31.79
8280,-7,32.85
8340,-7,32.2
8400,-7,32.41
8460,-7,32.23
8520,-7,32.99
8580,-7,32.6
8640,-7,32.5
8700,-7,32.35
8760,-7,31.22
8820,-7,32.29
8880,-7,31.96
8940,-7,32.38
9000,-7,32.29
9060,-7,32.32
9120,-7,32.15
9180,-7,32.22
9240,-7,32.83
9300,-7,32.38
9360,-7,32.34
9420,-7,32.47
9480,-7,32.57
9540,-7,32.57
9600,-7,32.91
9660,-7,32.34
9720,-7,32.8
9780,-7,32.69
9840,-7,32.7
9900,-7,32.02
9960,-7,32.51
10020,-7,32.76
10080,-7,32.7
10140,-7,32.19
10200,-7,32.74
10260,-7,31.83
10320,-7,32.58
10380,-7,32.63
10440,-7,32.81
10500,-7,32.6
10560,-7,31.82
10620,-7,32.45
10680,-7,32.68
10740,-7,31.94
10800,-7,31.9
10860,-7,32.62
10920,-7,32.86
10980,-7,32.27
11040,-7,32.63
11100,-7,33.01
11160,-7,32.47
11220,-7,32.59
11280,-7,31.74
11340,-7,32.46
11400,-7,32.24
11460,-7,33.01
11520,-7,33.01
11580,-7,32.32
11640,-7,32.76
11700,-7,32.34
11760,-7,32.96
11820,-7,33.04
11880,-7,32.55
11940,-7,32.1
12000,-7,31.55
12060,-7,32.31
12120,-7,31.67
12180,-7,32.43
12240,-7,32.27
12300,-7,32.67
12360,-7,32.63
12420,-7,32.31
12480,-7,32.09
12540,-7,32.54
12600,-7,32.83
12660,-7,32.68
12720,-7,32.51
12780,-7,32.25
12840,-7,32.04
12900,-7,32.56
12960,-7,32.7
13020,-7,32.35
13080,-7,32.04
13140,-7,32.06
13200,-7,31.53
13260,-7,32.13
13320,-7,32
13380,-7,31.61
13440,-7,32.17
13500,-7,32.55
13560,-7,32.6
13620,-7,32.89
13680,-7,31.64
13740,-7,33.01
13800,-7,32.67
13860,-7,32.36
13920,-7,33.1
13980,-7,32.19
14040,-7,31.8
14100,-7,31.94
14160,-7,31.87
14220,-7,32.39
14280,-7,32.84
14340,-7,32.9
14365,-7,-1
60,-6,32.25
120,-6,32.89
180,-6,32.76
240,-6,33.07
300,-6,32.28
360,-6,32.35
420,-6,32.46
480,-6,33.65
540,-6,33.28
600,-6,32.28
660,-6,33
720,-6,33.57
780,-6,33.4
840,-6,32.86
900,-6,33.44
960,-6,33.27
1020,-6,31.95
1080,-6,33.4
1140,-6,32.6
1200,-6,32.33
1260,-6,33.11
1320,-6,31.9
1380,-6,32.51
1440,-6,32.23
1500,-6,32.85
1560,-6,32.87
1620,-6,32.96
1680,-6,32.56
1740,-6,31.97
1800,-6,32.96
1860,-6,32.85
1920,-6,33.46
1980,-6,32.49
2040,-6,32.66
2100,-6,32.51
2160,-6,32.47
2220,-6,33.31
2280,-6,33.11
2340,-6,33.35
2400,-6,32.5
2460,-6,33.07
2520,-6,31.51
2580,-6,32.81
2640,-6,32.63
2700,-6,31.77
2760,-6,33.17
2820,-6,33
2880,-6,31.83
2940,-6,32.58
3000,-6,32.89
3060,-6,33.56
3120,-6,31.63
3180,-6,33.44
3240,-6,32.62
3300,-6,32.31
3360,-6,32.99
3420,-6,33.4
3480,-6,33.47
3540,-6,33.27
3600,-6,33.19
3660,-6,32.59
3720,-6,32.61
3780,-6,32.76
3840,-6,33.51
3900,-6,32.42
3960,-6,32.89
4020,-6,33.01
4080,-6,32.81
4140,-6,32.92
4200,-6,32.89
4260,-6,32.67
4320,-6,33.45
4380,-6,33.18
4440,-6,33.4
4500,-6,32.78
4560,-6,33.09
4620,-6,32.62
4680,-6,32.07
4740,-6,33.65
4800,-6,32.56
4860,-6,32.93
4920,-6,32.23
4980,-6,32.63
5040,-6,32.48
5100,-6,32.46
5160,-6,32.61
5220,-6,33.47
5280,-6,33.25
5340,-6,33.2
5400,-6,31.87
5460,-6,32.7
5520,-6,31.64
5580,-6,32.49
5640,-6,32.83
5700,-6,32.29
5760,-6,32.03
5820,-6,32.4
5880,-6,32.48
5940,-6,33.43
6000,-6,33
6060,-6,32.97
6120,-6,31.83
6180,-6,33.12
6240,-6,32.35
6300,-6,32.84
6360,-6,32.88
6420,-6,33.55
6480,-6,32.57
6540,-6,33.31
6600,-6,32.56
6660,-6,31.65
6720,-6,32.43
6780,-6,33.62
6840,-6,33.2
6900,-6,33.38
6960,-6,31.08
7020,-6,32.97
7080,-6,32.42
7140,-6,33.3
7200,-6,33.56
7260,-6,33.15
7320,-6,31.48
7380,-6,33.57
7440,-6,33.67
7500,-6,32.61
7560,-6,32.44
7620,-6,32.79
7680,-6,33.01
7740,-6,32.29
7800,-6,33.03
7860,-6,31.54
7920,-6,33.59
7980,-6,33.09
8040,-6,32.34
8100,-6,33.4
8160,-6,33.31
8220,-6,31.76
8280,-6,33.32
8340,-6,32.46
8400,-6,32.71
8460,-6,32.46
8520,-6,33.46
8580,-6,32.93
8640,-6,32.75
8700,-6,32.67
8760,-6,31.32
8820,-6,32.51
8880,-6,32.15
8940,-6,32.67
9000,-6,32.58
9060,-6,32.66
9120,-6,32.32
9180,-6,32.37
9240,-6,33.38
9300,-6,32.74
9360,-6,32.65
9420,-6,32.89
9480,-6,32.92
9540,-6,32.87
9600,-6,33.37
9660,-6,32.53
9720,-6,33.31
9780,-6,33.08
9840,-6,33.13
9900,-6,32.37
9960,-6,32.86
10020,-6,33.21
10080,-6,33.24
10140,-6,32.33
10200,-6,33.1
10260,-6,31.94
10320,-6,32.96
10380,-6,33.45
10440,-6,32.79
10500,-6,32.91
10560,-6,32.12
10620,-6,32.85
10680,-6,32.97
10740,-6,32.2
10800,-6,32.12
10860,-6,33.08
10920,-6,33.22
10980,-6,32.57
11040,-6,32.86
11100,-6,33.44
11160,-6,32.76
11220,-6,32.99
11280,-6,31.89
11340,-6,32.81
11400,-6,32.51
11460,-6,33.5
11520,-6,33.46
11580,-6,32.51
11640,-6,33.03
11700,-6,32.62
11760,-6,33.44
11820,-6,33.58
11880,-6,32.99
11940,-6,32.2
12000,-6,31.72
12060,-6,32.58
12120,-6,31.88
12180,-6,32.95
12240,-6,32.54
12300,-6,32.99
12360,-6,33.01
12420,-6,32.73
12480,-6,32.26
12540,-6,32.79
12600,-6,33.33
12660,-6,33.13
12720,-6,32.87
12780,-6,32.65
12840,-6,32.25
12900,-6,32.93
12960,-6,33.11
13020,-6,32.71
13080,-6,32.37
13140,-6,32.15
13200,-6,31.7
13260,-6,32.47
13320,-6,32.22
13380,-6,31.86
13440,-6,32.41
13500,-6,33.07
13560,-6,33.07
13620,-6,33.4
13680,-6,31.86
13740,-6,33.5
13800,-6,33.07
13860,-6,32.54
13920,-6,33.61
13980,-6,32.45
14040,-6,32.01
14100,-6,32.24
14160,-6,32.14
14220,-6,32.77
14280,-6,33.3
14340,-6,33.37
14365,-6,-1
60,-5,32.23
120,-5,33.17
180,-5,32.79
240,-5,33.42
300,-5,32.47
360,-5,32.69
420,-5,32.73
480,-5,34.23
540,-5,33.76
600,-5,32.53
660,-5,33.47
720,-5,34.15
780,-5,33.85
840,-5,33.17
900,-5,33.66
960,-5,33.66
1020,-5,32.1
1080,-5,33.7
1140,-5,32.94
1200,-5,32.59
1260,-5,33.4
1320,-5,32.09
1380,-5,32.79
1440,-5,32.41
1500,-5,33.05
1560,-5,33.07
1620,-5,33.4
1680,-5,32.75
1740,-5,32.05
1800,-5,33.32
1860,-5,33.11
1920,-5,33.85
1980,-5,32.76
2040,-5,33.02
2100,-5,32.7
2160,-5,32.75
2220,-5,33.59
2280,-5,33.5
2340,-5,33.71
2400,-5,32.77
2460,-5,33.27
2520,-5,31.62
2580,-5,32.99
2640,-5,32.79
2700,-5,31.85
2760,-5,33.48
2820,-5,33.14
2880,-5,31.98
2940,-5,32.55
3000,-5,33.53
3060,-5,33.78
3120,-5,31.83
3180,-5,33.76
3240,-5,32.9
3300,-5,32.35
3360,-5,33.24
3420,-5,33.88
3480,-5,33.92
3540,-5,33.51
3600,-5,33.43
3660,-5,32.87
3720,-5,32.87
3780,-5,32.9
3840,-5,34.11
3900,-5,32.57
3960,-5,33.24
4020,-5,33.21
4080,-5,33.12
4140,-5,33.31
4200,-5,33.16
4260,-5,32.82
4320,-5,33.92
4380,-5,33.49
4440,-5,33.88
4500,-5,33
4560,-5,33.53
4620,-5,32.88
4680,-5,32.18
4740,-5,34.01
4800,-5,32.7
4860,-5,33.33
4920,-5,32.26
4980,-5,32.91
5040,-5,32.61
5100,-5,32.58
5160,-5,32.89
5220,-5,33.91
5280,-5,33.63
5340,-5,33.52
5400,-5,31.97
5460,-5,32.84
5520,-5,31.75
5580,-5,32.77
5640,-5,33.1
5700,-5,32.58
5760,-5,32.17
5820,-5,32.53
5880,-5,32.73
5940,-5,33.8
6000,-5,33.35
6060,-5,33.37
6120,-5,32.04
6180,-5,33.45
6240,-5,32.64
6300,-5,32.99
6360,-5,33.17
6420,-5,33.76
6480,-5,32.82
6540,-5,33.5
6600,-5,32.68
6660,-5,31.84
6720,-5,32.7
6780,-5,34.21
6840,-5,33.58
6900,-5,33.84
6960,-5,31.47
7020,-5,33.25
7080,-5,32.5
7140,-5,33.72
7200,-5,33.89
7260,-5,33.5
7320,-5,31.64
7380,-5,34.01
7440,-5,34.18
7500,-5,32.72
7560,-5,32.71
7620,-5,33.15
7680,-5,33.22
7740,-5,32.43
7800,-5,33.5
7860,-5,31.69
7920,-5,34.03
7980,-5,33.55
8040,-5,32.49
8100,-5,33.8
8160,-5,33.78
8220,-5,31.75
8280,-5,33.69
8340,-5,32.71
8400,-5,32.79
8460,-5,32.71
8520,-5,33.77
8580,-5,33.27
8640,-5,32.99
8700,-5,32.95
8760,-5,31.39
8820,-5,32.64
8880,-5,32.28
8940,-5,32.92
9000,-5,32.69
9060,-5,32.99
9120,-5,32.51
9180,-5,32.58
9240,-5,33.87
9300,-5,33.12
9360,-5,32.89
9420,-5,33.23
9480,-5,33.2
9540,-5,33.04
9600,-5,33.79
9660,-5,32.66
9720,-5,33.81
9780,-5,33.41
9840,-5,33.56
9900,-5,32.7
9960,-5,33.15
10020,-5,33.68
10080,-5,33.68
10140,-5,32.5
10200,-5,33.4
10260,-5,32.2
10320,-5,33.24
10380,-5,33.78
10440,-5,33.03
10500,-5,33.09
10560,-5,32.65
10620,-5,33.19
10680,-5,33.29
10740,-5,32.45
10800,-5,32.33
10860,-5,33.47
10920,-5,33.54
10980,-5,32.92
11040,-5,33.02
11100,-5,33.77
11160,-5,32.85
11220,-5,33.29
11280,-5,32.08
11340,-5,33.06
11400,-5,32.81
11460,-5,33.8
11520,-5,33.84
11580,-5,32.64
11640,-5,33.21
11700,-5,32.92
11760,-5,33.66
11820,-5,34.08
11880,-5,33.35
11940,-5,32.3
12000,-5,31.51
12060,-5,33.03
12120,-5,32.06
12180,-5,33.42
12240,-5,32.73
12300,-5,33.22
12360,-5,33.35
12420,-5,33.07
12480,-5,32.43
12540,-5,33.04
12600,-5,33.86
12660,-5,33.5
12720,-5,33.16
12780,-5,32.96
12840,-5,32.4
12900,-5,33.33
12960,-5,33.41
13020,-5,33
13080,-5,32.68
13140,-5,32.21
13200,-5,31.87
13260,-5,32.79
13320,-5,32.37
13380,-5,31.98
13440,-5,32.58
13500,-5,33.54
13560,-5,33.43
13620,-5,33.8
13680,-5,32.03
13740,-5,33.99
13800,-5,33.41
13860,-5,32.65
13920,-5,34.03
13980,-5,32.58
14040,-5,32.23
14100,-5,32.46
14160,-5,32.42
14220,-5,33.16
14280,-5,33.55
14340,-5,33.75
14365,-5,-1
60,-4,32.25
120,-4,33.46
180,-4,32.81
240,-4,33.71
300,-4,32.66
360,-4,32.93
420,-4,33.01
480,-4,34.58
540,-4,34.3
600,-4,32.72
660,-4,33.77
720,-4,34.64
780,-4,34.17
840,-4,33.43
900,-4,33.83
960,-4,33.94
1020,-4,32.2
1080,-4,34.02
1140,-4,33.14
1200,-4,32.79
1260,-4,33.7
1320,-4,32.23
1380,-4,32.95
1440,-4,32.61
1500,-4,33.23
1560,-4,33.24
1620,-4,33.77
1680,-4,32.93
1740,-4,32.15
1800,-4,33.72
1860,-4,33.23
1920,-4,34.19
1980,-4,32.96
2040,-4,33.38
2100,-4,32.9
2160,-4,33.05
2220,-4,33.8
2280,-4,33.82
2340,-4,33.85
2400,-4,32.98
2460,-4,33.42
2520,-4,31.7
2580,-4,33.21
2640,-4,32.89
2700,-4,31.96
2760,-4,33.55
2820,-4,33.24
2880,-4,32.05
2940,-4,32.65
3000,-4,33.85
3060,-4,34.25
3120,-4,32.65
3180,-4,33.41
3240,-4,33.08
3300,-4,32.34
3360,-4,33.43
3420,-4,34.27
3480,-4,34.24
3540,-4,33.84
3600,-4,33.6
3660,-4,33.08
3720,-4,33.03
3780,-4,33
3840,-4,34.56
3900,-4,32.68
3960,-4,33.52
4020,-4,33.29
4080,-4,33.32
4140,-4,33.7
4200,-4,33.37
4260,-4,32.83
4320,-4,34.29
4380,-4,33.78
4440,-4,34.38
4500,-4,33.39
4560,-4,33.88
4620,-4,33.1
4680,-4,32.28
4740,-4,34.3
4800,-4,32.79
4860,-4,33.68
4920,-4,32.26
4980,-4,33.13
5040,-4,32.63
5100,-4,32.71
5160,-4,33.11
5220,-4,34.32
5280,-4,33.89
5340,-4,33.68
5400,-4,32.01
5460,-4,32.96
5520,-4,31.85
5580,-4,32.97
5640,-4,33.32
5700,-4,32.81
5760,-4,32.29
5820,-4,32.63
5880,-4,33
5940,-4,34.11
6000,-4,33.68
6060,-4,33.59
6120,-4,32.25
6180,-4,33.72
6240,-4,32.96
6300,-4,32.95
6360,-4,33.3
6420,-4,33.97
6480,-4,32.94
6540,-4,33.75
6600,-4,32.7
6660,-4,32.03
6720,-4,32.97
6780,-4,34.43
6840,-4,33.85
6900,-4,34.19
6960,-4,31.49
7020,-4,33.47
7080,-4,32.62
7140,-4,34.13
7200,-4,34.09
7260,-4,33.82
7320,-4,31.8
7380,-4,34.3
7440,-4,34.55
7500,-4,32.74
7560,-4,32.83
7620,-4,33.49
7680,-4,33.33
7740,-4,32.56
7800,-4,33.89
7860,-4,31.85
7920,-4,34.43
7980,-4,33.84
8040,-4,32.65
8100,-4,34.23
8160,-4,34.21
8220,-4,31.79
8280,-4,33.92
8340,-4,33.23
8400,-4,32.61
8460,-4,32.93
8520,-4,34.01
8580,-4,33.53
8640,-4,33.06
8700,-4,33.17
8760,-4,31.47
8820,-4,33.02
8880,-4,32.31
8940,-4,33.16
9000,-4,32.72
9060,-4,33.27
9120,-4,32.7
9180,-4,32.73
9240,-4,34.19
9300,-4,33.39
9360,-4,33.02
9420,-4,33.48
9480,-4,33.44
9540,-4,33.11
9600,-4,34.09
9660,-4,32.82
9720,-4,34.19
9780,-4,33.74
9840,-4,33.85
9900,-4,33.04
9960,-4,33.46
10020,-4,34.06
10080,-4,33.99
10140,-4,32.62
10200,-4,33.59
10260,-4,32.49
10320,-4,33.4
10380,-4,34.05
10440,-4,33.29
10500,-4,33.36
10560,-4,32.96
10620,-4,33.46
10680,-4,33.56
10740,-4,32.57
10800,-4,32.53
10860,-4,33.76
10920,-4,33.86
10980,-4,33.24
11040,-4,33.19
11100,-4,34.13
11160,-4,32.86
11220,-4,33.48
11280,-4,32.23
11340,-4,33.24
11400,-4,33.07
11460,-4,34.09
11520,-4,34.15
11580,-4,32.67
11640,-4,33.4
11700,-4,33.2
11760,-4,33.85
11820,-4,34.47
11880,-4,33.69
11940,-4,32.41
12000,-4,31.61
12060,-4,33.36
12120,-4,32.19
12180,-4,33.8
12240,-4,32.91
12300,-4,33.42
12360,-4,33.63
12420,-4,33.27
12480,-4,32.61
12540,-4,33.01
12600,-4,34.34
12660,-4,33.9
12720,-4,33.45
12780,-4,33.26
12840,-4,32.48
12900,-4,33.7
12960,-4,33.59
13020,-4,33.25
13080,-4,32.86
13140,-4,32.32
13200,-4,32.03
13260,-4,33.08
13320,-4,32.55
13380,-4,32.07
13440,-4,32.76
13500,-4,33.94
13560,-4,33.71
13620,-4,34.23
13680,-4,32.2
13740,-4,34.3
13800,-4,33.68
13860,-4,32.72
13920,-4,34.36
13980,-4,32.68
14040,-4,32.44
14100,-4,32.58
14160,-4,32.62
14220,-4,33.57
14280,-4,33.77
14340,-4,34.08
14365,-4,-1
60,-3,32.24
120,-3,33.67
180,-3,32.8
240,-3,33.95
300,-3,32.82
360,-3,32.97
420,-3,33.23
480,-3,34.92
540,-3,34.67
600,-3,32.87
660,-3,34.05
720,-3,35.03
780,-3,34.43
840,-3,33.76
900,-3,33.96
960,-3,34.23
1020,-3,31.65
1080,-3,34.56
1140,-3,33.22
1200,-3,32.94
1260,-3,33.85
1320,-3,32.37
1380,-3,33.06
1440,-3,32.8
1500,-3,33.41
1560,-3,33.31
1620,-3,34.13
1680,-3,33.1
1740,-3,32.15
1800,-3,33.99
1860,-3,33.3
1920,-3,34.44
1980,-3,33.02
2040,-3,33.74
2100,-3,33.05
2160,-3,33.33
2220,-3,33.97
2280,-3,34.06
2340,-3,33.94
2400,-3,33.19
2460,-3,33.48
2520,-3,31.84
2580,-3,33.39
2640,-3,32.96
2700,-3,32.06
2760,-3,33.56
2820,-3,33.34
2880,-3,32.06
2940,-3,32.77
3000,-3,34.13
3060,-3,34.6
3120,-3,32.84
3180,-3,33.23
3240,-3,34.02
3300,-3,32.19
3360,-3,33.61
3420,-3,34.62
3480,-3,34.62
3540,-3,34.08
3600,-3,33.75
3660,-3,33.25
3720,-3,33.12
3780,-3,33.08
3840,-3,35
3900,-3,32.77
3960,-3,33.75
4020,-3,33.38
4080,-3,33.49
4140,-3,33.94
4200,-3,33.59
4260,-3,32.89
4320,-3,34.6
4380,-3,34.1
4440,-3,34.89
4500,-3,33.77
4560,-3,34.2
4620,-3,33.24
4680,-3,32.28
4740,-3,34.58
4800,-3,32.88
4860,-3,34.03
4920,-3,32.25
4980,-3,33.3
5040,-3,32.61
5100,-3,32.79
5160,-3,33.33
5220,-3,34.58
5280,-3,34.1
5340,-3,33.89
5400,-3,32
5460,-3,32.98
5520,-3,31.93
5580,-3,33.76
5640,-3,32.94
5700,-3,33.02
5760,-3,32.38
5820,-3,32.71
5880,-3,33.18
5940,-3,34.33
6000,-3,33.93
6060,-3,33.77
6120,-3,32.48
6180,-3,34.01
6240,-3,33.3
6300,-3,32.96
6360,-3,33.38
6420,-3,34.01
6480,-3,32.93
6540,-3,33.91
6600,-3,32.7
6660,-3,32.05
6720,-3,33.27
6780,-3,34.58
6840,-3,34.12
6900,-3,34.59
6960,-3,31.5
7020,-3,33.6
7080,-3,32.71
7140,-3,34.51
7200,-3,34.26
7260,-3,34.1
7320,-3,31.95
7380,-3,34.59
7440,-3,34.78
7500,-3,32.75
7560,-3,32.98
7620,-3,33.84
7680,-3,33.5
7740,-3,32.72
7800,-3,34.04
7860,-3,31.96
7920,-3,34.68
7980,-3,34.06
8040,-3,32.74
8100,-3,34.59
8160,-3,34.58
8220,-3,31.78
8280,-3,34.08
8340,-3,33.53
8400,-3,32.62
8460,-3,33.18
8520,-3,34.2
8580,-3,33.67
8640,-3,33.17
8700,-3,33.42
8760,-3,31.48
8820,-3,33.11
8880,-3,32.44
8940,-3,33.37
9000,-3,32.74
9060,-3,33.52
9120,-3,32.82
9180,-3,32.91
9240,-3,34.41
9300,-3,33.61
9360,-3,33.12
9420,-3,33.72
9480,-3,33.69
9540,-3,33.22
9600,-3,34.19
9660,-3,33.16
9720,-3,34.46
9780,-3,34
9840,-3,34.04
9900,-3,33.38
9960,-3,33.76
10020,-3,34.38
10080,-3,34.22
10140,-3,32.71
10200,-3,33.7
10260,-3,32.61
10320,-3,33.58
10380,-3,34.34
10440,-3,33.54
10500,-3,33.67
10560,-3,33.29
10620,-3,33.71
10680,-3,33.8
10740,-3,32.65
10800,-3,32.7
10860,-3,33.96
10920,-3,34.15
10980,-3,33.58
11040,-3,33.3
11100,-3,34.45
11160,-3,32.84
11220,-3,33.61
11280,-3,32.43
11340,-3,33.39
11400,-3,33.36
11460,-3,34.27
11520,-3,34.38
11580,-3,32.69
11640,-3,33.54
11700,-3,33.46
11760,-3,33.98
11820,-3,34.77
11880,-3,33.93
11940,-3,32.47
12000,-3,31.7
12060,-3,33.63
12120,-3,32.26
12180,-3,34.16
12240,-3,33.1
12300,-3,33.5
12360,-3,33.89
12420,-3,33.45
12480,-3,32.81
12540,-3,33.12
12600,-3,34.65
12660,-3,34.12
12720,-3,33.73
12780,-3,33.43
12840,-3,32.59
12900,-3,33.98
12960,-3,33.76
13020,-3,33.43
13080,-3,33.02
13140,-3,32.41
13200,-3,32.18
13260,-3,33.31
13320,-3,32.66
13380,-3,32.06
13440,-3,32.84
13500,-3,34.32
13560,-3,33.88
13620,-3,34.61
13680,-3,32.33
13740,-3,34.5
13800,-3,33.92
13860,-3,32.81
13920,-3,34.68
13980,-3,32.77
14040,-3,32.66
14100,-3,32.71
14160,-3,32.68
14220,-3,33.95
14280,-3,33.93
14340,-3,34.35
14365,-3,-1
60,-2,32.24
120,-2,33.85
180,-2,32.82
240,-2,34.16
300,-2,32.91
360,-2,32.96
420,-2,33.41
480,-2,35.13
540,-2,35.01
600,-2,33.04
660,-2,34.35
720,-2,35.42
780,-2,34.62
840,-2,33.93
900,-2,34.04
960,-2,34.44
1020,-2,31.68
1080,-2,34.88
1140,-2,33.25
1200,-2,33.11
1260,-2,33.93
1320,-2,32.45
1380,-2,33.15
1440,-2,32.97
1500,-2,33.61
1560,-2,33.25
1620,-2,34.41
1680,-2,33.19
1740,-2,32.15
1800,-2,34.25
1860,-2,33.31
1920,-2,34.71
1980,-2,32.99
2040,-2,34.1
2100,-2,33.15
2160,-2,33.59
2220,-2,34.02
2280,-2,34.19
2340,-2,34.02
2400,-2,33.38
2460,-2,33.6
2520,-2,31.89
2580,-2,33.57
2640,-2,32.94
2700,-2,32.08
2760,-2,33.56
2820,-2,33.44
2880,-2,32.05
2940,-2,32.85
3000,-2,34.31
3060,-2,34.87
3120,-2,32.99
3180,-2,33.27
3240,-2,34.22
3300,-2,32.24
3360,-2,33.77
3420,-2,34.85
3480,-2,35.01
3540,-2,34.26
3600,-2,33.9
3660,-2,33.41
3720,-2,33.19
3780,-2,33.18
3840,-2,35.41
3900,-2,32.84
3960,-2,33.97
4020,-2,33.45
4080,-2,33.67
4140,-2,34.18
4200,-2,33.79
4260,-2,32.89
4320,-2,34.9
4380,-2,34.34
4440,-2,35.35
4500,-2,34.07
4560,-2,34.49
4620,-2,33.27
4680,-2,32.26
4740,-2,34.81
4800,-2,32.94
4860,-2,34.42
4920,-2,32.27
4980,-2,33.47
5040,-2,32.62
5100,-2,32.9
5160,-2,33.47
5220,-2,34.77
5280,-2,34.32
5340,-2,34.05
5400,-2,32.01
5460,-2,32.98
5520,-2,31.99
5580,-2,33.88
5640,-2,33.12
5700,-2,33.13
5760,-2,32.46
5820,-2,32.73
5880,-2,33.39
5940,-2,34.53
6000,-2,34.2
6060,-2,33.92
6120,-2,32.68
6180,-2,34.05
6240,-2,33.62
6300,-2,32.95
6360,-2,33.37
6420,-2,34.01
6480,-2,32.96
6540,-2,34.07
6600,-2,32.66
6660,-2,32.08
6720,-2,33.48
6780,-2,34.77
6840,-2,34.36
6900,-2,34.9
6960,-2,31.61
7020,-2,33.76
7080,-2,32.69
7140,-2,34.83
7200,-2,34.42
7260,-2,34.3
7320,-2,32.08
7380,-2,34.88
7440,-2,34.99
7500,-2,32.75
7560,-2,33.1
7620,-2,34.16
7680,-2,33.65
7740,-2,32.87
7800,-2,34.15
7860,-2,32.12
7920,-2,34.95
7980,-2,34.26
8040,-2,32.87
8100,-2,34.99
8160,-2,35.54
8220,-2,31.86
8280,-2,34.21
8340,-2,33.77
8400,-2,32.64
8460,-2,33.52
8520,-2,34.17
8580,-2,33.75
8640,-2,33.21
8700,-2,33.62
8760,-2,31.48
8820,-2,33.19
8880,-2,32.56
8940,-2,33.53
9000,-2,32.75
9060,-2,33.72
9120,-2,32.97
9180,-2,33.02
9240,-2,34.59
9300,-2,33.83
9360,-2,33.12
9420,-2,33.9
9480,-2,33.96
9540,-2,33.29
9600,-2,34.24
9660,-2,33.32
9720,-2,34.68
9780,-2,34.2
9840,-2,34.21
9900,-2,33.69
9960,-2,33.98
10020,-2,34.59
10080,-2,34.42
10140,-2,32.83
10200,-2,33.77
10260,-2,32.72
10320,-2,33.75
10380,-2,34.52
10440,-2,33.78
10500,-2,33.92
10560,-2,33.49
10620,-2,33.85
10680,-2,34.03
10740,-2,32.73
10800,-2,32.88
10860,-2,33.89
10920,-2,34.27
10980,-2,33.84
11040,-2,33.4
11100,-2,34.7
11160,-2,32.85
11220,-2,33.69
11280,-2,32.51
11340,-2,33.49
11400,-2,33.59
11460,-2,34.44
11520,-2,34.26
11580,-2,33.18
11640,-2,33.63
11700,-2,33.64
11760,-2,34.19
11820,-2,35.03
11880,-2,34.13
11940,-2,32.56
12000,-2,31.82
12060,-2,33.84
12120,-2,32.34
12180,-2,34.44
12240,-2,33.26
12300,-2,33.6
12360,-2,34.12
12420,-2,33.63
12480,-2,32.98
12540,-2,33.21
12600,-2,34.95
12660,-2,34.3
12720,-2,34.06
12780,-2,33.52
12840,-2,32.72
12900,-2,34.25
12960,-2,33.83
13020,-2,33.5
13080,-2,33.11
13140,-2,32.51
13200,-2,32.33
13260,-2,33.55
13320,-2,32.66
13380,-2,32.05
13440,-2,32.93
13500,-2,34.56
13560,-2,34.01
13620,-2,34.87
13680,-2,32.4
13740,-2,34.66
13800,-2,34.09
13860,-2,32.89
13920,-2,34.96
13980,-2,32.81
14040,-2,32.84
14100,-2,32.85
14160,-2,32.7
14220,-2,34.35
14280,-2,34.09
14340,-2,34.49
14365,-2,-1
60,-1,32.23
120,-1,34.01
180,-1,32.82
240,-1,34.26
300,-1,32.97
360,-1,32.96
420,-1,33.58
480,-1,35.32
540,-1,35.32
600,-1,33.14
660,-1,34.56
720,-1,35.7
780,-1,34.83
840,-1,34.09
900,-1,34.14
960,-1,34.63
1020,-1,31.65
1080,-1,35.01
1140,-1,33.24
1200,-1,33.28
1260,-1,34.02
1320,-1,32.56
1380,-1,33.23
1440,-1,33.14
1500,-1,33.73
1560,-1,33.33
1620,-1,34.57
1680,-1,33.28
1740,-1,32.15
1800,-1,34.45
1860,-1,33.32
1920,-1,35
1980,-1,33
2040,-1,34.3
2100,-1,33.23
2160,-1,33.85
2220,-1,34.11
2280,-1,34.29
2340,-1,34.09
2400,-1,33.53
2460,-1,33.67
2520,-1,31.97
2580,-1,33.71
2640,-1,32.94
2700,-1,32.05
2760,-1,33.57
2820,-1,33.5
2880,-1,32.05
2940,-1,32.94
3000,-1,34.42
3060,-1,35.09
3120,-1,33.1
3180,-1,33.27
3240,-1,34.39
3300,-1,32.33
3360,-1,33.89
3420,-1,35
3480,-1,35.22
3540,-1,34.35
3600,-1,34.09
3660,-1,33.52
3720,-1,33.26
3780,-1,33.26
3840,-1,35.77
3900,-1,32.93
3960,-1,33.9
4020,-1,33.52
4080,-1,33.75
4140,-1,34.37
4200,-1,33.95
4260,-1,32.89
4320,-1,35.21
4380,-1,34.5
4440,-1,35.74
4500,-1,34.3
4560,-1,34.8
4620,-1,33.29
4680,-1,32.28
4740,-1,35.03
4800,-1,33.02
4860,-1,34.72
4920,-1,32.27
4980,-1,33.66
5040,-1,32.32
5100,-1,33.18
5160,-1,33.66
5220,-1,34.95
5280,-1,34.52
5340,-1,34.21
5400,-1,31.99
5460,-1,33
5520,-1,32.06
5580,-1,33.97
5640,-1,33.28
5700,-1,33.21
5760,-1,32.43
5820,-1,32.73
5880,-1,33.48
5940,-1,34.74
6000,-1,34.36
6060,-1,34.84
6120,-1,32.38
6180,-1,34.06
6240,-1,33.95
6300,-1,32.96
6360,-1,33.36
6420,-1,33.97
6480,-1,32.94
6540,-1,34.21
6600,-1,32.68
6660,-1,32.08
6720,-1,33.76
6780,-1,34.98
6840,-1,34.5
6900,-1,35.1
6960,-1,31.73
7020,-1,33.89
7080,-1,32.7
7140,-1,35.03
7200,-1,34.55
7260,-1,34.51
7320,-1,32.15
7380,-1,35.21
7440,-1,35.15
7500,-1,32.73
7560,-1,33.25
7620,-1,34.49
7680,-1,33.74
7740,-1,33
7800,-1,34.17
7860,-1,32.27
7920,-1,35.18
7980,-1,34.48
8040,-1,32.86
8100,-1,35.21
8160,-1,35.93
8220,-1,31.85
8280,-1,34.35
8340,-1,33.9
8400,-1,32.61
8460,-1,33.77
8520,-1,34.28
8580,-1,33.76
8640,-1,33.3
8700,-1,33.78
8760,-1,31.48
8820,-1,33.26
8880,-1,32.67
8940,-1,33.66
9000,-1,32.73
9060,-1,33.8
9120,-1,33.14
9180,-1,33.08
9240,-1,34.82
9300,-1,34.05
9360,-1,33.12
9420,-1,34.05
9480,-1,34.13
9540,-1,33.32
9600,-1,34.22
9660,-1,33.39
9720,-1,34.86
9780,-1,34.39
9840,-1,34.37
9900,-1,33.98
9960,-1,34.09
10020,-1,34.75
10080,-1,34.59
10140,-1,32.89
10200,-1,33.82
10260,-1,32.81
10320,-1,33.9
10380,-1,34.69
10440,-1,34.01
10500,-1,34.17
10560,-1,33.63
10620,-1,33.91
10680,-1,34.2
10740,-1,32.81
10800,-1,33.01
10860,-1,34
10920,-1,34.32
10980,-1,34.06
11040,-1,33.5
11100,-1,34.94
11160,-1,32.86
11220,-1,33.74
11280,-1,32.55
11340,-1,33.59
11400,-1,33.77
11460,-1,34.55
11520,-1,34.34
11580,-1,33.27
11640,-1,33.69
11700,-1,33.83
11760,-1,34.38
11820,-1,35.34
11880,-1,34.31
11940,-1,32.64
12000,-1,31.88
12060,-1,34.15
12120,-1,32.42
12180,-1,34.61
12240,-1,33.36
12300,-1,33.7
12360,-1,34.29
12420,-1,33.78
12480,-1,33.13
12540,-1,33.29
12600,-1,35.16
12660,-1,34.45
12720,-1,34.3
12780,-1,33.5
12840,-1,32.86
12900,-1,34.41
12960,-1,33.95
13020,-1,33.58
13080,-1,33.11
13140,-1,32.58
13200,-1,32.49
13260,-1,33.75
13320,-1,32.68
13380,-1,32.08
13440,-1,32.99
13500,-1,34.8
13560,-1,34.16
13620,-1,34.99
13680,-1,32.46
13740,-1,34.76
13800,-1,34.21
13860,-1,32.88
13920,-1,35.19
13980,-1,32.9
14040,-1,33.03
14100,-1,32.98
14160,-1,32.69
14220,-1,34.67
14280,-1,34.22
14340,-1,34.61
14365,-1,-1
60,0,32.11
120,0,34.17
180,0,32.75
240,0,34.13
300,0,33.08
360,0,32.97
420,0,33.78
480,0,35.52
540,0,35.82
600,0,33.89
660,0,34.76
720,0,35.9
780,0,34.94
840,0,34.19
900,0,34.2
960,0,34.82
1020,0,32.05
1080,0,35.05
1140,0,33.86
1200,0,34.06
1260,0,34.85
1320,0,32.32
1380,0,33.31
1440,0,33.54
1500,0,34.04
1560,0,33.36
1620,0,34.74
1680,0,33.37
1740,0,32.6
1800,0,34.63
1860,0,33.3
1920,0,35.15
1980,0,32.65
2040,0,34.5
2100,0,33.25
2160,0,34.56
2220,0,34.17
2280,0,34.39
2340,0,34.19
2400,0,33.63
2460,0,33.79
2520,0,31.84
2580,0,33.8
2640,0,32.93
2700,0,32.04
2760,0,33.99
2820,0,33.78
2880,0,31.83
2940,0,32.96
3000,0,34.47
3060,0,35.33
3120,0,33.17
3180,0,33.34
3240,0,35.5
3300,0,32.4
3360,0,34.78
3420,0,35.14
3480,0,35.4
3540,0,34.41
3600,0,34.79
3660,0,33.61
3720,0,33.92
3780,0,33.7
3840,0,36.13
3900,0,33.01
3960,0,33.99
4020,0,33.92
4080,0,33.85
4140,0,34.61
4200,0,34.07
4260,0,32.91
4320,0,35.53
4380,0,34.65
4440,0,36.05
4500,0,34.48
4560,0,35.09
4620,0,33.82
4680,0,32.4
4740,0,35.1
4800,0,32.53
4860,0,35.01
4920,0,32.26
4980,0,33.87
5040,0,32.32
5100,0,33.29
5160,0,34.49
5220,0,35.13
5280,0,34.63
5340,0,34.33
5400,0,32.6
5460,0,33.02
5520,0,31.33
5580,0,34.09
5640,0,33.44
5700,0,32.87
5760,0,32.44
5820,0,32.38
5880,0,33.54
5940,0,34.86
6000,0,34.59
6060,0,34.92
6120,0,32.97
6180,0,34.08
6240,0,35.2
6300,0,32.95
6360,0,34.23
6420,0,34.01
6480,0,33.34
6540,0,35.11
6600,0,32.68
6660,0,32.08
6720,0,35.35
6780,0,35.13
6840,0,34.33
6900,0,35.3
6960,0,31.82
7020,0,34.05
7080,0,32.11
7140,0,35.2
7200,0,34.7
7260,0,34.65
7320,0,32.23
7380,0,35.43
7440,0,35.26
7500,0,32.71
7560,0,33.39
7620,0,34.7
7680,0,33.72
7740,0,33.57
7800,0,35.1
7860,0,32
7920,0,35.56
7980,0,34.81
8040,0,33.52
8100,0,36
8160,0,36.29
8220,0,32.35
8280,0,34.48
8340,0,34.02
8400,0,32.86
8460,0,34.02
8520,0,34.56
8580,0,33.76
8640,0,33.37
8700,0,33.94
8760,0,31.76
8820,0,33.35
8880,0,32.72
8940,0,33.75
9000,0,32.3
9060,0,33.89
9120,0,33.29
9180,0,33.23
9240,0,34.98
9300,0,34.6
9360,0,33.12
9420,0,34.15
9480,0,34.5
9540,0,33.12
9600,0,34.59
9660,0,33.47
9720,0,34.95
9780,0,34.47
9840,0,34.77
9900,0,34.92
9960,0,34.18
10020,0,34.89
10080,0,34.45
10140,0,32.92
10200,0,34.5
10260,0,33.44
10320,0,34.2
10380,0,34.89
10440,0,34.18
10500,0,34.45
10560,0,33.78
10620,0,34.26
10680,0,34.38
10740,0,34.07
10800,0,33.18
10860,0,34.11
10920,0,34.25
10980,0,34.27
11040,0,33.35
11100,0,35.55
11160,0,32.8
11220,0,33.82
11280,0,32.98
11340,0,33.66
11400,0,34.73
11460,0,34.64
11520,0,34.42
11580,0,33.32
11640,0,33.71
11700,0,33.87
11760,0,34.56
11820,0,35.52
11880,0,34.31
11940,0,33.29
12000,0,32.25
12060,0,35.09
12120,0,32.79
12180,0,34.7
12240,0,34.01
12300,0,33.78
12360,0,34.36
12420,0,34.73
12480,0,33.75
12540,0,32.99
12600,0,36.38
12660,0,34.4
12720,0,34.94
12780,0,33.51
12840,0,32.96
12900,0,34.56
12960,0,34.05
13020,0,33.77
13080,0,33.13
13140,0,32.66
13200,0,33.67
13260,0,33.93
13320,0,32.67
13380,0,32.1
13440,0,32.75
13500,0,34.94
13560,0,34.22
13620,0,35.08
13680,0,32.07
13740,0,35.15
13800,0,34.33
13860,0,32.89
13920,0,35.42
13980,0,32.89
14040,0,33.16
14100,0,33.14
14160,0,31.95
14220,0,34.64
14280,0,34.34
14340,0,34.63
14365,0,-1
60,1,32.06
120,1,36.36
180,1,-1
240,1,32.78
300,1,32.14
360,1,-1
420,1,34.46
480,1,33.75
540,1,35.81
600,1,35.68
660,1,35.92
720,1,35.02
780,1,36.28
840,1,36.4
900,1,32.94
960,1,36.39
1020,1,33.66
1080,1,-1
1140,1,32.72
1200,1,29.8
1260,1,33.15
1320,1,-1
1380,1,35.03
1440,1,35.5
1500,1,35.8
1560,1,31.97
1620,1,35.06
1680,1,34.45
1740,1,30.93
1800,1,35.43
1860,1,-1
1920,1,35.94
1980,1,-1
2040,1,33.05
2100,1,33.07
2160,1,34.15
2220,1,33.49
2280,1,-1
2340,1,32.37
2400,1,35.59
2460,1,31.23
2520,1,33.18
2580,1,35.92
2640,1,-1
2700,1,34.74
2760,1,33.67
2820,1,-1
2880,1,29.32
2940,1,-1
3000,1,34.63
3060,1,33.92
3120,1,36.28
3180,1,-1
3240,1,33.8
3300,1,32.33
3360,1,-1
3420,1,35.17
3480,1,31.95
3540,1,34.37
3600,1,36.34
3660,1,35.25
3720,1,-1
3780,1,36.43
3840,1,35.34
3900,1,34.52
3960,1,35.33
4020,1,34.24
4080,1,35.33
4140,1,36.29
4200,1,32.23
4260,1,32.23
4320,1,36.24
4380,1,36.34
4440,1,36.29
4500,1,29.82
4560,1,36
4620,1,34.73
4680,1,31.85
4740,1,36.02
4800,1,-1
4860,1,36.01
4920,1,30.69
4980,1,-1
5040,1,-1
5100,1,-1
5160,1,34.24
5220,1,32.39
5280,1,32.83
5340,1,33.13
5400,1,32.18
5460,1,31.82
5520,1,32.53
5580,1,33.57
5640,1,33.02
5700,1,35.08
5760,1,-1
5820,1,32.85
5880,1,30.31
5940,1,35.97
6000,1,36.34
6060,1,-1
6120,1,-1
6180,1,34.8
6240,1,30.07
6300,1,32.78
6360,1,-1
6420,1,32.4
6480,1,32.63
6540,1,33.36
6600,1,-1
6660,1,-1
6720,1,-1
6780,1,33.7
6840,1,-1
6900,1,36.32
6960,1,32.37
7020,1,-1
7080,1,-1
7140,1,35.59
7200,1,36.33
7260,1,36.21
7320,1,-1
7380,1,36.33
7440,1,36.35
7500,1,-1
7560,1,-1
7620,1,-1
7680,1,-1
7740,1,36.31
7800,1,33.62
7860,1,30.47
7920,1,35.86
7980,1,-1
8040,1,-1
8100,1,-1
8160,1,36.05
8220,1,-1
8280,1,36.31
8340,1,35.8
8400,1,33.32
8460,1,29.43
8520,1,34.82
8580,1,-1
8640,1,30.58
8700,1,35.37
8760,1,34.13
8820,1,32.11
8880,1,36.21
8940,1,33.34
9000,1,30.86
9060,1,33.82
9120,1,32.07
9180,1,-1
9240,1,33.56
9300,1,35.66
9360,1,34.34
9420,1,31.58
9480,1,30.74
9540,1,35.37
9600,1,33.48
9660,1,35.02
9720,1,34.84
9780,1,35.74
9840,1,34.89
9900,1,36.18
9960,1,35.77
10020,1,35.25
10080,1,33.77
10140,1,33.44
10200,1,33.46
10260,1,29.67
10320,1,36.07
10380,1,34.76
10440,1,31.63
10500,1,34.21
10560,1,34.96
10620,1,-1
10680,1,34.19
10740,1,-1
10800,1,-1
10860,1,34.11
10920,1,-1
10980,1,36.25
11040,1,30.58
11100,1,-1
11160,1,33.11
11220,1,-1
11280,1,-1
11340,1,34.4
11400,1,-1
11460,1,34.24
11520,1,-1
11580,1,32.94
11640,1,33.52
11700,1,33.43
11760,1,36.26
11820,1,34.21
11880,1,34.18
11940,1,30.9
12000,1,30.79
12060,1,33.25
12120,1,-1
12180,1,36.36
12240,1,33.25
12300,1,-1
12360,1,35.61
12420,1,32.02
12480,1,35.45
12540,1,-1
12600,1,34.12
12660,1,34.5
12720,1,32.1
12780,1,33.95
12840,1,32.48
12900,1,35.82
12960,1,-1
13020,1,-1
13080,1,29.01
13140,1,31.69
13200,1,36.2
13260,1,36.31
13320,1,-1
13380,1,-1
13440,1,31.38
13500,1,34.79
13560,1,33.17
13620,1,34.79
13680,1,-1
13740,1,35.72
13800,1,32.06
13860,1,33.08
13920,1,-1
13980,1,31.24
14040,1,32.34
14100,1,29.85
14160,1,-1
14220,1,-1
14280,1,-1
14340,1,36.35
14365,1,-1
60,2,31.46
120,2,35.13
180,2,-1
240,2,31.08
300,2,31.54
360,2,-1
420,2,-1
480,2,33.17
540,2,35.12
600,2,35.07
660,2,35.12
720,2,34.39
780,2,-1
840,2,-1
900,2,32.34
960,2,35.18
1020,2,33.68
1080,2,-1
1140,2,33.47
1200,2,29.13
1260,2,-1
1320,2,-1
1380,2,34.17
1440,2,34.94
1500,2,35.03
1560,2,-1
1620,2,33.16
1680,2,33.88
1740,2,30.91
1800,2,34.85
1860,2,-1
1920,2,35.12
1980,2,-1
2040,2,32.44
2100,2,-1
2160,2,33.02
2220,2,32.91
2280,2,-1
2340,2,31.76
2400,2,34.99
2460,2,32.26
2520,2,-1
2580,2,35.08
2640,2,-1
2700,2,34.17
2760,2,33.09
2820,2,-1
2880,2,-1
2940,2,-1
3000,2,34.07
3060,2,33.34
3120,2,35.11
3180,2,-1
3240,2,33.22
3300,2,31.73
3360,2,-1
3420,2,33.51
3480,2,31.34
3540,2,33.79
3600,2,-1
3660,2,34.88
3720,2,-1
3780,2,35.15
3840,2,34.04
3900,2,33.66
3960,2,34.77
4020,2,32.64
4080,2,34.77
4140,2,-1
4200,2,31.61
4260,2,31.45
4320,2,35.13
4380,2,35.12
4440,2,35.15
4500,2,29.15
4560,2,35.1
4620,2,34.18
4680,2,31.56
4740,2,35.13
4800,2,-1
4860,2,35.1
4920,2,30.05
4980,2,-1
5040,2,-1
5100,2,-1
5160,2,-1
5220,2,31.78
5280,2,32.23
5340,2,-1
5400,2,31.57
5460,2,31.2
5520,2,32.51
5580,2,30.38
5640,2,32.43
5700,2,33.22
5760,2,-1
5820,2,32.25
5880,2,30.68
5940,2,31.86
6000,2,-1
6060,2,-1
6120,2,-1
6180,2,34.24
6240,2,-1
6300,2,32.18
6360,2,-1
6420,2,31.78
6480,2,33.35
6540,2,-1
6600,2,-1
6660,2,-1
6720,2,-1
6780,2,33.12
6840,2,-1
6900,2,-1
6960,2,31.76
7020,2,-1
7080,2,-1
7140,2,34.99
7200,2,35.09
7260,2,35.12
7320,2,-1
7380,2,-1
7440,2,35.07
7500,2,-1
7560,2,-1
7620,2,-1
7680,2,-1
7740,2,-1
7800,2,33.04
7860,2,30.5
7920,2,35.06
7980,2,-1
8040,2,-1
8100,2,-1
8160,2,35.16
8220,2,-1
8280,2,35.09
8340,2,34.79
8400,2,32.74
8460,2,28.77
8520,2,33.89
8580,2,-1
8640,2,29.92
8700,2,34.65
8760,2,-1
8820,2,31.51
8880,2,-1
8940,2,32.75
9000,2,30.21
9060,2,33.24
9120,2,31.47
9180,2,-1
9240,2,32.97
9300,2,34.61
9360,2,33.78
9420,2,30.95
9480,2,30.09
9540,2,34.81
9600,2,32.9
9660,2,34.47
9720,2,32.83
9780,2,35.08
9840,2,34.09
9900,2,35.14
9960,2,34.89
10020,2,34.62
10080,2,33.19
10140,2,29.99
10200,2,32.87
10260,2,28.99
10320,2,35.16
10380,2,32.55
10440,2,30.99
10500,2,31.52
10560,2,34.39
10620,2,-1
10680,2,31.52
10740,2,-1
10800,2,-1
10860,2,33.54
10920,2,-1
10980,2,-1
11040,2,29.92
11100,2,-1
11160,2,32.52
11220,2,-1
11280,2,-1
11340,2,33.83
11400,2,-1
11460,2,-1
11520,2,-1
11580,2,32.34
11640,2,33.25
11700,2,34.55
11760,2,-1
11820,2,32.58
11880,2,33.47
11940,2,30.27
12000,2,30.17
12060,2,32.65
12120,2,-1
12180,2,35.13
12240,2,32.67
12300,2,-1
12360,2,35
12420,2,32.65
12480,2,34.89
12540,2,-1
12600,2,33.55
12660,2,33.76
12720,2,31.5
12780,2,33.38
12840,2,31.84
12900,2,35.17
12960,2,-1
13020,2,-1
13080,2,28.32
13140,2,31.06
13200,2,35.16
13260,2,-1
13320,2,-1
13380,2,-1
13440,2,-1
13500,2,32.86
13560,2,32.58
13620,2,34.23
13680,2,-1
13740,2,34.8
13800,2,31.46
13860,2,32.49
13920,2,-1
13980,2,30.61
14040,2,32.67
14100,2,29.18
14160,2,-1
14220,2,-1
14280,2,-1
14340,2,-1
14365,2,-1
60,3,30.85
120,3,33.84
180,3,-1
240,3,-1
300,3,30.92
360,3,-1
420,3,-1
480,3,32.58
540,3,-1
600,3,-1
660,3,33.85
720,3,33.21
780,3,-1
840,3,-1
900,3,31.72
960,3,-1
1020,3,33.69
1080,3,-1
1140,3,32.88
1200,3,28.47
1260,3,-1
1320,3,-1
1380,3,33.26
1440,3,-1
1500,3,-1
1560,3,-1
1620,3,32.58
1680,3,-1
1740,3,30.92
1800,3,33.81
1860,3,-1
1920,3,-1
1980,3,-1
2040,3,33.84
2100,3,-1
2160,3,32.4
2220,3,32.32
2280,3,-1
2340,3,31.15
2400,3,-1
2460,3,31.65
2520,3,-1
2580,3,33.8
2640,3,-1
2700,3,33.6
2760,3,-1
2820,3,-1
2880,3,-1
2940,3,-1
3000,3,33.49
3060,3,32.75
3120,3,-1
3180,3,-1
3240,3,32.63
3300,3,-1
3360,3,-1
3420,3,32.92
3480,3,-1
3540,3,33.1
3600,3,-1
3660,3,-1
3720,3,-1
3780,3,33.84
3840,3,-1
3900,3,33.83
3960,3,-1
4020,3,32.04
4080,3,-1
4140,3,-1
4200,3,31
4260,3,-1
4320,3,-1
4380,3,33.84
4440,3,33.83
4500,3,28.46
4560,3,-1
4620,3,33.6
4680,3,31.25
4740,3,-1
4800,3,-1
4860,3,-1
4920,3,29.39
4980,3,-1
5040,3,-1
5100,3,-1
5160,3,-1
5220,3,31.17
5280,3,31.61
5340,3,-1
5400,3,30.96
5460,3,30.57
5520,3,32.51
5580,3,29.74
5640,3,31.81
5700,3,32.63
5760,3,-1
5820,3,31.63
5880,3,30.05
5940,3,27.94
6000,3,-1
6060,3,-1
6120,3,-1
6180,3,33.67
6240,3,-1
6300,3,31.56
6360,3,-1
6420,3,31.17
6480,3,32.76
6540,3,-1
6600,3,-1
6660,3,-1
6720,3,-1
6780,3,32.53
6840,3,-1
6900,3,-1
6960,3,-1
7020,3,-1
7080,3,-1
7140,3,-1
7200,3,-1
7260,3,33.82
7320,3,-1
7380,3,-1
7440,3,-1
7500,3,-1
7560,3,-1
7620,3,-1
7680,3,-1
7740,3,-1
7800,3,32.45
7860,3,-1
7920,3,33.81
7980,3,-1
8040,3,-1
8100,3,-1
8160,3,33.85
8220,3,-1
8280,3,33.77
8340,3,33.81
8400,3,32.14
8460,3,-1
8520,3,32.97
8580,3,-1
8640,3,29.28
8700,3,33.71
8760,3,-1
8820,3,30.9
8880,3,-1
8940,3,32.15
9000,3,29.56
9060,3,-1
9120,3,30.85
9180,3,-1
9240,3,32.38
9300,3,-1
9360,3,33.48
9420,3,30.3
9480,3,29.42
9540,3,33.81
9600,3,32.31
9660,3,33.78
9720,3,-1
9780,3,-1
9840,3,33.16
9900,3,33.85
9960,3,33.83
10020,3,33.49
10080,3,32.6
10140,3,29.34
10200,3,32.28
10260,3,28.33
10320,3,-1
10380,3,31.94
10440,3,30.35
10500,3,30.92
10560,3,33.78
10620,3,-1
10680,3,30.9
10740,3,-1
10800,3,-1
10860,3,32.96
10920,3,-1
10980,3,-1
11040,3,29.28
11100,3,-1
11160,3,32.26
11220,3,-1
11280,3,-1
11340,3,33.26
11400,3,-1
11460,3,-1
11520,3,-1
11580,3,-1
11640,3,32.96
11700,3,33.48
11760,3,-1
11820,3,31.97
11880,3,32.64
11940,3,29.6
12000,3,-1
12060,3,31.96
12120,3,-1
12180,3,33.84
12240,3,32.07
12300,3,-1
12360,3,33.83
12420,3,32.05
12480,3,-1
12540,3,-1
12600,3,32.97
12660,3,33.83
12720,3,30.89
12780,3,32.78
12840,3,32.68
12900,3,33.88
12960,3,-1
13020,3,-1
13080,3,-1
13140,3,30.41
13200,3,33.84
13260,3,-1
13320,3,-1
13380,3,-1
13440,3,-1
13500,3,32.26
13560,3,31.97
13620,3,33.56
13680,3,-1
13740,3,33.78
13800,3,30.83
13860,3,31.84
13920,3,-1
13980,3,30.63
14040,3,32.05
14100,3,-1
14160,3,-1
14220,3,-1
14280,3,-1
14340,3,-1
14365,3,-1
60,4,30.2
120,4,32.49
180,4,-1
240,4,-1
300,4,30.27
360,4,-1
420,4,-1
480,4,31.98
540,4,-1
600,4,-1
660,4,-1
720,4,32.24
780,4,-1
840,4,-1
900,4,31.1
960,4,-1
1020,4,32.55
1080,4,-1
1140,4,31.92
1200,4,27.76
1260,4,-1
1320,4,-1
1380,4,32.28
1440,4,-1
1500,4,-1
1560,4,-1
1620,4,31.98
1680,4,-1
1740,4,-1
1800,4,32.46
1860,4,-1
1920,4,-1
1980,4,-1
2040,4,-1
2100,4,-1
2160,4,30.94
2220,4,31.72
2280,4,-1
2340,4,-1
2400,4,-1
2460,4,31.02
2520,4,-1
2580,4,32.45
2640,4,-1
2700,4,-1
2760,4,-1
2820,4,-1
2880,4,-1
2940,4,-1
3000,4,32.48
3060,4,32.16
3120,4,-1
3180,4,-1
3240,4,32.03
3300,4,-1
3360,4,-1
3420,4,32.31
3480,4,-1
3540,4,31.75
3600,4,-1
3660,4,-1
3720,4,-1
3780,4,-1
3840,4,-1
3900,4,32.47
3960,4,-1
4020,4,31.47
4080,4,-1
4140,4,-1
4200,4,30.38
4260,4,-1
4320,4,-1
4380,4,32.49
4440,4,32.48
4500,4,27.78
4560,4,-1
4620,4,32.54
4680,4,30.59
4740,4,-1
4800,4,-1
4860,4,-1
4920,4,28.73
4980,4,-1
5040,4,-1
5100,4,-1
5160,4,-1
5220,4,30.56
5280,4,-1
5340,4,-1
5400,4,-1
5460,4,30.41
5520,4,32.39
5580,4,29.06
5640,4,-1
5700,4,32.03
5760,4,-1
5820,4,31
5880,4,29.4
5940,4,27.24
6000,4,-1
6060,4,-1
6120,4,-1
6180,4,-1
6240,4,-1
6300,4,29.94
6360,4,-1
6420,4,30.55
6480,4,32.16
6540,4,-1
6600,4,-1
6660,4,-1
6720,4,-1
6780,4,31.93
6840,4,-1
6900,4,-1
6960,4,-1
7020,4,-1
7080,4,-1
7140,4,-1
7200,4,-1
7260,4,32.48
7320,4,-1
7380,4,-1
7440,4,-1
7500,4,-1
7560,4,-1
7620,4,-1
7680,4,-1
7740,4,-1
7800,4,31.85
7860,4,-1
7920,4,32.46
7980,4,-1
8040,4,-1
8100,4,-1
8160,4,32.5
8220,4,-1
8280,4,-1
8340,4,32.48
8400,4,31.54
8460,4,-1
8520,4,31.49
8580,4,-1
8640,4,28.6
8700,4,-1
8760,4,-1
8820,4,30.26
8880,4,-1
8940,4,31.46
9000,4,28.89
9060,4,-1
9120,4,30.2
9180,4,-1
9240,4,31.78
9300,4,-1
9360,4,32.44
9420,4,29.68
9480,4,-1
9540,4,32.5
9600,4,31.71
9660,4,32.52
9720,4,-1
9780,4,-1
9840,4,32.18
9900,4,-1
9960,4,-1
10020,4,-1
10080,4,32
10140,4,28.67
10200,4,31.68
10260,4,-1
10320,4,-1
10380,4,31.32
10440,4,30.25
10500,4,30.28
10560,4,-1
10620,4,-1
10680,4,30.25
10740,4,-1
10800,4,-1
10860,4,32.32
10920,4,-1
10980,4,-1
11040,4,28.6
11100,4,-1
11160,4,32.52
11220,4,-1
11280,4,-1
11340,4,32.49
11400,4,-1
11460,4,-1
11520,4,-1
11580,4,-1
11640,4,32.52
11700,4,32.53
11760,4,-1
11820,4,31.84
11880,4,31.43
11940,4,28.95
12000,4,-1
12060,4,29.46
12120,4,-1
12180,4,32.49
12240,4,-1
12300,4,-1
12360,4,32.48
12420,4,31.44
12480,4,-1
12540,4,-1
12600,4,32.33
12660,4,-1
12720,4,30.25
12780,4,31.19
12840,4,-1
12900,4,32.53
12960,4,-1
13020,4,-1
13080,4,-1
13140,4,29.78
13200,4,32.48
13260,4,-1
13320,4,-1
13380,4,-1
13440,4,-1
13500,4,31.66
13560,4,31.35
13620,4,-1
13680,4,-1
13740,4,-1
13800,4,30.18
13860,4,-1
13920,4,-1
13980,4,-1
14040,4,31.39
14100,4,-1
14160,4,-1
14220,4,-1
14280,4,-1
14340,4,-1
14365,4,-1
60,5,29.54
120,5,31.06
180,5,-1
240,5,-1
300,5,29.61
360,5,-1
420,5,-1
480,5,-1
540,5,-1
600,5,-1
660,5,-1
720,5,31.12
780,5,-1
840,5,-1
900,5,30.46
960,5,-1
1020,5,31.11
1080,5,-1
1140,5,-1
1200,5,-1
1260,5,-1
1320,5,-1
1380,5,31.04
1440,5,-1
1500,5,-1
1560,5,-1
1620,5,-1
1680,5,-1
1740,5,-1
1800,5,31.08
1860,5,-1
1920,5,-1
1980,5,-1
2040,5,-1
2100,5,-1
2160,5,30.89
2220,5,31.03
2280,5,-1
2340,5,-1
2400,5,-1
2460,5,30.39
2520,5,-1
2580,5,31.05
2640,5,-1
2700,5,-1
2760,5,-1
2820,5,-1
2880,5,-1
2940,5,-1
3000,5,31.09
3060,5,-1
3120,5,-1
3180,5,-1
3240,5,-1
3300,5,-1
3360,5,-1
3420,5,-1
3480,5,-1
3540,5,31.06
3600,5,-1
3660,5,-1
3720,5,-1
3780,5,-1
3840,5,-1
3900,5,31.08
3960,5,-1
4020,5,-1
4080,5,-1
4140,5,-1
4200,5,29.72
4260,5,-1
4320,5,-1
4380,5,31.06
4440,5,31.08
4500,5,27.08
4560,5,-1
4620,5,-1
4680,5,29.95
4740,5,-1
4800,5,-1
4860,5,-1
4920,5,-1
4980,5,27.19
5040,5,-1
5100,5,-1
5160,5,-1
5220,5,29.91
5280,5,-1
5340,5,-1
5400,5,-1
5460,5,30.14
5520,5,31.1
5580,5,28.4
5640,5,-1
5700,5,-1
5760,5,-1
5820,5,30.38
5880,5,28.72
5940,5,26.52
6000,5,-1
6060,5,-1
6120,5,-1
6180,5,-1
6240,5,-1
6300,5,-1
6360,5,-1
6420,5,29.91
6480,5,-1
6540,5,-1
6600,5,-1
6660,5,-1
6720,5,-1
6780,5,31.08
6840,5,-1
6900,5,-1
6960,5,-1
7020,5,-1
7080,5,-1
7140,5,-1
7200,5,-1
7260,5,-1
7320,5,-1
7380,5,-1
7440,5,-1
7500,5,-1
7560,5,-1
7620,5,-1
7680,5,-1
7740,5,-1
7800,5,-1
7860,5,-1
7920,5,31.09
7980,5,-1
8040,5,-1
8100,5,-1
8160,5,31.11
8220,5,-1
8280,5,-1
8340,5,31.1
8400,5,30.9
8460,5,-1
8520,5,30.85
8580,5,-1
8640,5,27.92
8700,5,-1
8760,5,-1
8820,5,29.6
8880,5,-1
8940,5,-1
9000,5,-1
9060,5,-1
9120,5,-1
9180,5,-1
9240,5,31.03
9300,5,-1
9360,5,31.09
9420,5,29
9480,5,-1
9540,5,31.12
9600,5,31.04
9660,5,31.09
9720,5,-1
9780,5,-1
9840,5,31.04
9900,5,-1
9960,5,-1
10020,5,-1
10080,5,31.03
10140,5,27.98
10200,5,-1
10260,5,-1
10320,5,-1
10380,5,30.68
10440,5,-1
10500,5,29.62
10560,5,-1
10620,5,-1
10680,5,29.59
10740,5,-1
10800,5,-1
10860,5,-1
10920,5,-1
10980,5,-1
11040,5,-1
11100,5,-1
11160,5,31.12
11220,5,-1
11280,5,-1
11340,5,-1
11400,5,-1
11460,5,-1
11520,5,-1
11580,5,-1
11640,5,31.12
11700,5,-1
11760,5,-1
11820,5,31.09
11880,5,30.88
11940,5,-1
12000,5,-1
12060,5,28.78
12120,5,-1
12180,5,-1
12240,5,-1
12300,5,-1
12360,5,31.09
12420,5,30.79
12480,5,-1
12540,5,-1
12600,5,-1
12660,5,-1
12720,5,29.58
12780,5,30.55
12840,5,-1
12900,5,-1
12960,5,-1
13020,5,-1
13080,5,-1
13140,5,-1
13200,5,-1
13260,5,-1
13320,5,-1
13380,5,-1
13440,5,-1
13500,5,30.97
13560,5,-1
13620,5,-1
13680,5,-1
13740,5,-1
13800,5,29.53
13860,5,-1
13920,5,-1
13980,5,-1
14040,5,30.68
14100,5,-1
14160,5,-1
14220,5,-1
14280,5,-1
14340,5,-1
14365,5,-1
60,6,28.89
120,6,29.63
180,6,-1
240,6,-1
300,6,28.96
360,6,-1
420,6,-1
480,6,-1
540,6,-1
600,6,-1
660,6,-1
720,6,29.63
780,6,-1
840,6,-1
900,6,-1
960,6,-1
1020,6,29.61
1080,6,-1
1140,6,-1
1200,6,-1
1260,6,-1
1320,6,-1
1380,6,29.63
1440,6,-1
1500,6,-1
1560,6,-1
1620,6,-1
1680,6,-1
1740,6,-1
1800,6,-1
1860,6,-1
1920,6,-1
1980,6,-1
2040,6,-1
2100,6,-1
2160,6,-1
2220,6,-1
2280,6,-1
2340,6,-1
2400,6,-1
2460,6,-1
2520,6,-1
2580,6,29.61
2640,6,-1
2700,6,-1
2760,6,-1
2820,6,-1
2880,6,-1
2940,6,-1
3000,6,-1
3060,6,-1
3120,6,-1
3180,6,-1
3240,6,-1
3300,6,-1
3360,6,-1
3420,6,-1
3480,6,-1
3540,6,-1
3600,6,-1
3660,6,-1
3720,6,-1
3780,6,-1
3840,6,-1
3900,6,29.64
3960,6,-1
4020,6,-1
4080,6,-1
4140,6,-1
4200,6,29.06
4260,6,-1
4320,6,-1
4380,6,29.62
4440,6,-1
4500,6,26.34
4560,6,-1
4620,6,-1
4680,6,29.28
4740,6,-1
4800,6,-1
4860,6,-1
4920,6,-1
4980,6,26.46
5040,6,-1
5100,6,-1
5160,6,-1
5220,6,29.24
5280,6,-1
5340,6,-1
5400,6,-1
5460,6,-1
5520,6,29.6
5580,6,27.7
5640,6,-1
5700,6,-1
5760,6,-1
5820,6,29.54
5880,6,-1
5940,6,-1
6000,6,-1
6060,6,-1
6120,6,-1
6180,6,-1
6240,6,-1
6300,6,-1
6360,6,-1
6420,6,29.24
6480,6,-1
6540,6,-1
6600,6,-1
6660,6,-1
6720,6,-1
6780,6,29.59
6840,6,-1
6900,6,-1
6960,6,-1
7020,6,-1
7080,6,-1
7140,6,-1
7200,6,-1
7260,6,-1
7320,6,-1
7380,6,-1
7440,6,-1
7500,6,-1
7560,6,-1
7620,6,-1
7680,6,-1
7740,6,-1
7800,6,-1
7860,6,-1
7920,6,-1
7980,6,-1
8040,6,-1
8100,6,-1
8160,6,29.62
8220,6,-1
8280,6,-1
8340,6,-1
8400,6,29.59
8460,6,-1
8520,6,29.57
8580,6,-1
8640,6,-1
8700,6,-1
8760,6,-1
8820,6,28.96
8880,6,-1
8940,6,-1
9000,6,-1
9060,6,-1
9120,6,-1
9180,6,-1
9240,6,-1
9300,6,-1
9360,6,29.6
9420,6,28.33
9480,6,-1
9540,6,29.61
9600,6,-1
9660,6,-1
9720,6,-1
9780,6,-1
9840,6,-1
9900,6,-1
9960,6,-1
10020,6,-1
10080,6,29.61
10140,6,-1
10200,6,-1
10260,6,-1
10320,6,-1
10380,6,-1
10440,6,-1
10500,6,-1
10560,6,-1
10620,6,-1
10680,6,-1
10740,6,-1
10800,6,-1
10860,6,-1
10920,6,-1
10980,6,-1
11040,6,-1
11100,6,-1
11160,6,29.61
11220,6,-1
11280,6,-1
11340,6,-1
11400,6,-1
11460,6,-1
11520,6,-1
11580,6,-1
11640,6,29.61
11700,6,-1
11760,6,-1
11820,6,29.61
11880,6,-1
11940,6,-1
12000,6,-1
12060,6,28.1
12120,6,-1
12180,6,-1
12240,6,-1
12300,6,-1
12360,6,29.64
12420,6,-1
12480,6,-1
12540,6,-1
12600,6,-1
12660,6,-1
12720,6,28.94
12780,6,29.55
12840,6,-1
12900,6,-1
12960,6,-1
13020,6,-1
13080,6,-1
13140,6,-1
13200,6,-1
13260,6,-1
13320,6,-1
13380,6,-1
13440,6,-1
13500,6,29.59
13560,6,-1
13620,6,-1
13680,6,-1
13740,6,-1
13800,6,28.87
13860,6,-1
13920,6,-1
13980,6,-1
14040,6,29.62
14100,6,-1
14160,6,-1
14220,6,-1
14280,6,-1
14340,6,-1
14365,6,-1
60,7,-1
120,7,-1
180,7,-1
240,7,-1
300,7,-1
360,7,-1
420,7,-1
480,7,-1
540,7,-1
600,7,-1
660,7,-1
720,7,28.04
780,7,-1
840,7,-1
900,7,-1
960,7,-1
1020,7,28.08
1080,7,-1
1140,7,-1
1200,7,-1
1260,7,-1
1320,7,-1
1380,7,28.05
1440,7,-1
1500,7,-1
1560,7,-1
1620,7,-1
1680,7,-1
1740,7,-1
1800,7,-1
1860,7,-1
1920,7,-1
1980,7,-1
2040,7,-1
2100,7,-1
2160,7,-1
2220,7,-1
2280,7,-1
2340,7,-1
2400,7,-1
2460,7,-1
2520,7,-1
2580,7,28.03
2640,7,-1
2700,7,-1
2760,7,-1
2820,7,-1
2880,7,-1
2940,7,-1
3000,7,-1
3060,7,-1
3120,7,-1
3180,7,-1
3240,7,-1
3300,7,-1
3360,7,-1
3420,7,-1
3480,7,-1
3540,7,-1
3600,7,-1
3660,7,-1
3720,7,-1
3780,7,-1
3840,7,-1
3900,7,28.05
3960,7,-1
4020,7,-1
4080,7,-1
4140,7,-1
4200,7,-1
4260,7,-1
4320,7,-1
4380,7,28.04
4440,7,-1
4500,7,-1
4560,7,-1
4620,7,-1
4680,7,-1
4740,7,-1
4800,7,-1
4860,7,-1
4920,7,-1
4980,7,25.8
5040,7,-1
5100,7,-1
5160,7,-1
5220,7,28.01
5280,7,-1
5340,7,-1
5400,7,-1
5460,7,-1
5520,7,28.08
5580,7,-1
5640,7,-1
5700,7,-1
5760,7,-1
5820,7,28.02
5880,7,-1
5940,7,-1
6000,7,-1
6060,7,-1
6120,7,-1
6180,7,-1
6240,7,-1
6300,7,-1
6360,7,-1
6420,7,28.01
6480,7,-1
6540,7,-1
6600,7,-1
6660,7,-1
6720,7,-1
6780,7,28.02
6840,7,-1
6900,7,-1
6960,7,-1
7020,7,-1
7080,7,-1
7140,7,-1
7200,7,-1
7260,7,-1
7320,7,-1
7380,7,-1
7440,7,-1
7500,7,-1
7560,7,-1
7620,7,-1
7680,7,-1
7740,7,-1
7800,7,-1
7860,7,-1
7920,7,-1
7980,7,-1
8040,7,-1
8100,7,-1
8160,7,28.03
8220,7,-1
8280,7,-1
8340,7,-1
8400,7,28.06
8460,7,-1
8520,7,28.07
8580,7,-1
8640,7,-1
8700,7,-1
8760,7,-1
8820,7,-1
8880,7,-1
8940,7,-1
9000,7,-1
9060,7,-1
9120,7,-1
9180,7,-1
9240,7,-1
9300,7,-1
9360,7,28.03
9420,7,27.63
9480,7,-1
9540,7,28.04
9600,7,-1
9660,7,-1
9720,7,-1
9780,7,-1
9840,7,-1
9900,7,-1
9960,7,-1
10020,7,-1
10080,7,28.02
10140,7,-1
10200,7,-1
10260,7,-1
10320,7,-1
10380,7,-1
10440,7,-1
10500,7,-1
10560,7,-1
10620,7,-1
10680,7,-1
10740,7,-1
10800,7,-1
10860,7,-1
10920,7,-1
10980,7,-1
11040,7,-1
11100,7,-1
11160,7,28.08
11220,7,-1
11280,7,-1
11340,7,-1
11400,7,-1
11460,7,-1
11520,7,-1
11580,7,-1
11640,7,28.08
11700,7,-1
11760,7,-1
11820,7,-1
11880,7,-1
11940,7,-1
12000,7,-1
12060,7,27.39
12120,7,-1
12180,7,-1
12240,7,-1
12300,7,-1
12360,7,-1
12420,7,-1
12480,7,-1
12540,7,-1
12600,7,-1
12660,7,-1
12720,7,-1
12780,7,28.04
12840,7,-1
12900,7,-1
12960,7,-1
13020,7,-1
13080,7,-1
13140,7,-1
13200,7,-1
13260,7,-1
13320,7,-1
13380,7,-1
13440,7,-1
13500,7,28.06
13560,7,-1
13620,7,-1
13680,7,-1
13740,7,-1
13800,7,28
13860,7,-1
13920,7,-1
13980,7,-1
14040,7,28.03
14100,7,-1
14160,7,-1
14220,7,-1
14280,7,-1
14340,7,-1
14365,7,-1
60,8,-1
120,8,-1
180,8,-1
240,8,-1
300,8,-1
360,8,-1
420,8,-1
480,8,-1
540,8,-1
600,8,-1
660,8,-1
720,8,26.4
780,8,-1
840,8,-1
900,8,-1
960,8,-1
1020,8,26.4
1080,8,-1
1140,8,-1
1200,8,-1
1260,8,-1
1320,8,-1
1380,8,-1
1440,8,-1
1500,8,-1
1560,8,-1
1620,8,-1
1680,8,-1
1740,8,-1
1800,8,-1
1860,8,-1
1920,8,-1
1980,8,-1
2040,8,-1
2100,8,-1
2160,8,-1
2220,8,-1
2280,8,-1
2340,8,-1
2400,8,-1
2460,8,-1
2520,8,-1
2580,8,26.4
2640,8,-1
2700,8,-1
2760,8,-1
2820,8,-1
2880,8,-1
2940,8,-1
3000,8,-1
3060,8,-1
3120,8,-1
3180,8,-1
3240,8,-1
3300,8,-1
3360,8,-1
3420,8,-1
3480,8,-1
3540,8,-1
3600,8,-1
3660,8,-1
3720,8,-1
3780,8,-1
3840,8,-1
3900,8,-1
3960,8,-1
4020,8,-1
4080,8,-1
4140,8,-1
4200,8,-1
4260,8,-1
4320,8,-1
4380,8,-1
4440,8,-1
4500,8,-1
4560,8,-1
4620,8,-1
4680,8,-1
4740,8,-1
4800,8,-1
4860,8,-1
4920,8,-1
4980,8,-1
5040,8,-1
5100,8,-1
5160,8,-1
5220,8,26.38
5280,8,-1
5340,8,-1
5400,8,-1
5460,8,-1
5520,8,26.4
5580,8,-1
5640,8,-1
5700,8,-1
5760,8,-1
5820,8,26.39
5880,8,-1
5940,8,-1
6000,8,-1
6060,8,-1
6120,8,-1
6180,8,-1
6240,8,-1
6300,8,-1
6360,8,-1
6420,8,26.36
6480,8,-1
6540,8,-1
6600,8,-1
6660,8,-1
6720,8,-1
6780,8,26.38
6840,8,-1
6900,8,-1
6960,8,-1
7020,8,-1
7080,8,-1
7140,8,-1
7200,8,-1
7260,8,-1
7320,8,-1
7380,8,-1
7440,8,-1
7500,8,-1
7560,8,-1
7620,8,-1
7680,8,-1
7740,8,-1
7800,8,-1
7860,8,-1
7920,8,-1
7980,8,-1
8040,8,-1
8100,8,-1
8160,8,-1
8220,8,-1
8280,8,-1
8340,8,-1
8400,8,-1
8460,8,-1
8520,8,26.39
8580,8,-1
8640,8,-1
8700,8,-1
8760,8,-1
8820,8,-1
8880,8,-1
8940,8,-1
9000,8,-1
9060,8,-1
9120,8,-1
9180,8,-1
9240,8,-1
9300,8,-1
9360,8,26.4
9420,8,26.4
9480,8,-1
9540,8,-1
9600,8,-1
9660,8,-1
9720,8,-1
9780,8,-1
9840,8,-1
9900,8,-1
9960,8,-1
10020,8,-1
10080,8,26.39
10140,8,-1
10200,8,-1
10260,8,-1
10320,8,-1
10380,8,-1
10440,8,-1
10500,8,-1
10560,8,-1
10620,8,-1
10680,8,-1
10740,8,-1
10800,8,-1
10860,8,-1
10920,8,-1
10980,8,-1
11040,8,-1
11100,8,-1
11160,8,-1
11220,8,-1
11280,8,-1
11340,8,-1
11400,8,-1
11460,8,-1
11520,8,-1
11580,8,-1
11640,8,26.4
11700,8,-1
11760,8,-1
11820,8,-1
11880,8,-1
11940,8,-1
12000,8,-1
12060,8,-1
12120,8,-1
12180,8,-1
12240,8,-1
12300,8,-1
12360,8,-1
12420,8,-1
12480,8,-1
12540,8,-1
12600,8,-1
12660,8,-1
12720,8,-1
12780,8,26.41
12840,8,-1
12900,8,-1
12960,8,-1
13020,8,-1
13080,8,-1
13140,8,-1
13200,8,-1
13260,8,-1
13320,8,-1
13380,8,-1
13440,8,-1
13500,8,26.4
13560,8,-1
13620,8,-1
13680,8,-1
13740,8,-1
13800,8,-1
13860,8,-1
13920,8,-1
13980,8,-1
14040,8,26.39
14100,8,-1
14160,8,-1
14220,8,-1
14280,8,-1
14340,8,-1
14365,8,-1
60,9,-1
120,9,-1
180,9,-1
240,9,-1
300,9,-1
360,9,-1
420,9,-1
480,9,-1
540,9,-1
600,9,-1
660,9,-1
720,9,24.64
780,9,-1
840,9,-1
900,9,-1
960,9,-1
1020,9,24.64
1080,9,-1
1140,9,-1
1200,9,-1
1260,9,-1
1320,9,-1
1380,9,-1
1440,9,-1
1500,9,-1
1560,9,-1
1620,9,-1
1680,9,-1
1740,9,-1
1800,9,-1
1860,9,-1
1920,9,-1
1980,9,-1
2040,9,-1
2100,9,-1
2160,9,-1
2220,9,-1
2280,9,-1
2340,9,-1
2400,9,-1
2460,9,-1
2520,9,-1
2580,9,-1
2640,9,-1
2700,9,-1
2760,9,-1
2820,9,-1
2880,9,-1
2940,9,-1
3000,9,-1
3060,9,-1
3120,9,-1
3180,9,-1
3240,9,-1
3300,9,-1
3360,9,-1
3420,9,-1
3480,9,-1
3540,9,-1
3600,9,-1
3660,9,-1
3720,9,-1
3780,9,-1
3840,9,-1
3900,9,-1
3960,9,-1
4020,9,-1
4080,9,-1
4140,9,-1
4200,9,-1
4260,9,-1
4320,9,-1
4380,9,-1
4440,9,-1
4500,9,-1
4560,9,-1
4620,9,-1
4680,9,-1
4740,9,-1
4800,9,-1
4860,9,-1
4920,9,-1
4980,9,-1
5040,9,-1
5100,9,-1
5160,9,-1
5220,9,-1
5280,9,-1
5340,9,-1
5400,9,-1
5460,9,-1
5520,9,-1
5580,9,24.64
5640,9,-1
5700,9,-1
5760,9,-1
5820,9,-1
5880,9,-1
5940,9,-1
6000,9,-1
6060,9,-1
6120,9,-1
6180,9,-1
6240,9,-1
6300,9,-1
6360,9,-1
6420,9,-1
6480,9,-1
6540,9,-1
6600,9,-1
6660,9,-1
6720,9,-1
6780,9,24.64
6840,9,-1
6900,9,-1
6960,9,-1
7020,9,-1
7080,9,-1
7140,9,-1
7200,9,-1
7260,9,-1
7320,9,-1
7380,9,-1
7440,9,-1
7500,9,-1
7560,9,-1
7620,9,-1
7680,9,-1
7740,9,-1
7800,9,-1
7860,9,-1
7920,9,-1
7980,9,-1
8040,9,-1
8100,9,-1
8160,9,-1
8220,9,-1
8280,9,-1
8340,9,-1
8400,9,-1
8460,9,-1
8520,9,-1
8580,9,-1
8640,9,-1
8700,9,-1
8760,9,-1
8820,9,-1
8880,9,-1
8940,9,-1
9000,9,-1
9060,9,-1
9120,9,-1
9180,9,-1
9240,9,-1
9300,9,-1
9360,9,-1
9420,9,-1
9480,9,-1
9540,9,-1
9600,9,-1
9660,9,-1
9720,9,-1
9780,9,-1
9840,9,-1
9900,9,-1
9960,9,-1
10020,9,-1
10080,9,24.64
10140,9,-1
10200,9,-1
10260,9,-1
10320,9,-1
10380,9,-1
10440,9,-1
10500,9,-1
10560,9,-1
10620,9,-1
10680,9,-1
10740,9,-1
10800,9,-1
10860,9,-1
10920,9,-1
10980,9,-1
11040,9,-1
11100,9,-1
11160,9,-1
11220,9,-1
11280,9,-1
11340,9,-1
11400,9,-1
11460,9,-1
11520,9,-1
11580,9,-1
11640,9,24.64
11700,9,-1
11760,9,-1
11820,9,-1
11880,9,-1
11940,9,-1
12000,9,-1
12060,9,-1
12120,9,-1
12180,9,-1
12240,9,-1
12300,9,-1
12360,9,-1
12420,9,-1
12480,9,-1
12540,9,-1
12600,9,-1
12660,9,-1
12720,9,-1
12780,9,-1
12840,9,-1
12900,9,-1
12960,9,-1
13020,9,-1
13080,9,-1
13140,9,-1
13200,9,-1
13260,9,-1
13320,9,-1
13380,9,-1
13440,9,-1
13500,9,-1
13560,9,-1
13620,9,-1
13680,9,-1
13740,9,-1
13800,9,-1
13860,9,-1
13920,9,-1
13980,9,-1
14040,9,24.62
14100,9,-1
14160,9,-1
14220,9,-1
14280,9,-1
14340,9,-1
14365,9,-1
60,10,-1
120,10,-1
180,10,-1
240,10,-1
300,10,-1
360,10,-1
420,10,-1
480,10,-1
540,10,-1
600,10,-1
660,10,-1
720,10,-1
780,10,-1
840,10,-1
900,10,-1
960,10,-1
1020,10,22.75
1080,10,-1
1140,10,-1
1200,10,-1
1260,10,-1
1320,10,-1
1380,10,-1
1440,10,-1
1500,10,-1
1560,10,-1
1620,10,-1
1680,10,-1
1740,10,-1
1800,10,-1
1860,10,-1
1920,10,-1
1980,10,-1
2040,10,-1
2100,10,-1
2160,10,-1
2220,10,-1
2280,10,-1
2340,10,-1
2400,10,-1
2460,10,-1
2520,10,-1
2580,10,-1
2640,10,-1
2700,10,-1
2760,10,-1
2820,10,-1
2880,10,-1
2940,10,-1
3000,10,-1
3060,10,-1
3120,10,-1
3180,10,-1
3240,10,-1
3300,10,-1
3360,10,-1
3420,10,-1
3480,10,-1
3540,10,-1
3600,10,-1
3660,10,-1
3720,10,-1
3780,10,-1
3840,10,-1
3900,10,-1
3960,10,-1
4020,10,-1
4080,10,-1
4140,10,-1
4200,10,-1
4260,10,-1
4320,10,-1
4380,10,-1
4440,10,-1
4500,10,-1
4560,10,-1
4620,10,-1
4680,10,-1
4740,10,-1
4800,10,-1
4860,10,-1
4920,10,-1
4980,10,-1
5040,10,-1
5100,10,-1
5160,10,-1
5220,10,-1
5280,10,-1
5340,10,-1
5400,10,-1
5460,10,-1
5520,10,-1
5580,10,-1
5640,10,-1
5700,10,-1
5760,10,-1
5820,10,-1
5880,10,-1
5940,10,-1
6000,10,-1
6060,10,-1
6120,10,-1
6180,10,-1
6240,10,-1
6300,10,-1
6360,10,-1
6420,10,-1
6480,10,-1
6540,10,-1
6600,10,-1
6660,10,-1
6720,10,-1
6780,10,-1
6840,10,-1
6900,10,-1
6960,10,-1
7020,10,-1
7080,10,-1
7140,10,-1
7200,10,-1
7260,10,-1
7320,10,-1
7380,10,-1
7440,10,-1
7500,10,-1
7560,10,-1
7620,10,-1
7680,10,-1
7740,10,-1
7800,10,-1
7860,10,-1
7920,10,-1
7980,10,-1
8040,10,-1
8100,10,-1
8160,10,-1
8220,10,-1
8280,10,-1
8340,10,-1
8400,10,-1
8460,10,-1
8520,10,-1
8580,10,-1
8640,10,-1
8700,10,-1
8760,10,-1
8820,10,-1
8880,10,-1
8940,10,-1
9000,10,-1
9060,10,-1
9120,10,-1
9180,10,-1
9240,10,-1
9300,10,-1
9360,10,-1
9420,10,-1
9480,10,-1
9540,10,-1
9600,10,-1
9660,10,-1
9720,10,-1
9780,10,-1
9840,10,-1
9900,10,-1
9960,10,-1
10020,10,-1
10080,10,-1
10140,10,-1
10200,10,-1
10260,10,-1
10320,10,-1
10380,10,-1
10440,10,-1
10500,10,-1
10560,10,-1
10620,10,-1
10680,10,-1
10740,10,-1
10800,10,-1
10860,10,-1
10920,10,-1
10980,10,-1
11040,10,-1
11100,10,-1
11160,10,-1
11220,10,-1
11280,10,-1
11340,10,-1
11400,10,-1
11460,10,-1
11520,10,-1
11580,10,-1
11640,10,-1
11700,10,-1
11760,10,-1
11820,10,-1
11880,10,-1
11940,10,-1
12000,10,-1
12060,10,-1
12120,10,-1
12180,10,-1
12240,10,-1
12300,10,-1
12360,10,-1
12420,10,-1
12480,10,-1
12540,10,-1
12600,10,-1
12660,10,-1
12720,10,-1
12780,10,-1
12840,10,-1
12900,10,-1
12960,10,-1
13020,10,-1
13080,10,-1
13140,10,-1
13200,10,-1
13260,10,-1
13320,10,-1
13380,10,-1
13440,10,-1
13500,10,-1
13560,10,-1
13620,10,-1
13680,10,-1
13740,10,-1
13800,10,-1
13860,10,-1
13920,10,-1
13980,10,-1
14040,10,22.74
14100,10,-1
14160,10,-1
14220,10,-1
14280,10,-1
14340,10,-1
14365,10,-1
60,11,-1
120,11,-1
180,11,-1
240,11,-1
300,11,-1
360,11,-1
420,11,-1
480,11,-1
540,11,-1
600,11,-1
660,11,-1
720,11,-1
780,11,-1
840,11,-1
900,11,-1
960,11,-1
1020,11,20.67
1080,11,-1
1140,11,-1
1200,11,-1
1260,11,-1
1320,11,-1
1380,11,-1
1440,11,-1
1500,11,-1
1560,11,-1
1620,11,-1
1680,11,-1
1740,11,-1
1800,11,-1
1860,11,-1
1920,11,-1
1980,11,-1
2040,11,-1
2100,11,-1
2160,11,-1
2220,11,-1
2280,11,-1
2340,11,-1
2400,11,-1
2460,11,-1
2520,11,-1
2580,11,-1
2640,11,-1
2700,11,-1
2760,11,-1
2820,11,-1
2880,11,-1
2940,11,-1
3000,11,-1
3060,11,-1
3120,11,-1
3180,11,-1
3240,11,-1
3300,11,-1
3360,11,-1
3420,11,-1
3480,11,-1
3540,11,-1
3600,11,-1
3660,11,-1
3720,11,-1
3780,11,-1
3840,11,-1
3900,11,-1
3960,11,-1
4020,11,-1
4080,11,-1
4140,11,-1
4200,11,-1
4260,11,-1
4320,11,-1
4380,11,-1
4440,11,-1
4500,11,-1
4560,11,-1
4620,11,-1
4680,11,-1
4740,11,-1
4800,11,-1
4860,11,-1
4920,11,-1
4980,11,-1
5040,11,-1
5100,11,-1
5160,11,-1
5220,11,-1
5280,11,-1
5340,11,-1
5400,11,-1
5460,11,-1
5520,11,-1
5580,11,-1
5640,11,-1
5700,11,-1
5760,11,-1
5820,11,-1
5880,11,-1
5940,11,-1
6000,11,-1
6060,11,-1
6120,11,-1
6180,11,-1
6240,11,-1
6300,11,-1
6360,11,-1
6420,11,-1
6480,11,-1
6540,11,-1
6600,11,-1
6660,11,-1
6720,11,-1
6780,11,-1
6840,11,-1
6900,11,-1
6960,11,-1
7020,11,-1
7080,11,-1
7140,11,-1
7200,11,-1
7260,11,-1
7320,11,-1
7380,11,-1
7440,11,-1
7500,11,-1
7560,11,-1
7620,11,-1
7680,11,-1
7740,11,-1
7800,11,-1
7860,11,-1
7920,11,-1
7980,11,-1
8040,11,-1
8100,11,-1
8160,11,-1
8220,11,-1
8280,11,-1
8340,11,-1
8400,11,-1
8460,11,-1
8520,11,-1
8580,11,-1
8640,11,-1
8700,11,-1
8760,11,-1
8820,11,-1
8880,11,-1
8940,11,-1
9000,11,-1
9060,11,-1
9120,11,-1
9180,11,-1
9240,11,-1
9300,11,-1
9360,11,-1
9420,11,-1
9480,11,-1
9540,11,-1
9600,11,-1
9660,11,-1
9720,11,-1
9780,11,-1
9840,11,-1
9900,11,-1
9960,11,-1
10020,11,-1
10080,11,-1
10140,11,-1
10200,11,-1
10260,11,-1
10320,11,-1
10380,11,-1
10440,11,-1
10500,11,-1
10560,11,-1
10620,11,-1
10680,11,-1
10740,11,-1
10800,11,-1
10860,11,-1
10920,11,-1
10980,11,-1
11040,11,-1
11100,11,-1
11160,11,-1
11220,11,-1
11280,11,-1
11340,11,-1
11400,11,-1
11460,11,-1
11520,11,-1
11580,11,-1
11640,11,-1
11700,11,-1
11760,11,-1
11820,11,-1
11880,11,-1
11940,11,-1
12000,11,-1
12060,11,-1
12120,11,-1
12180,11,-1
12240,11,-1
12300,11,-1
12360,11,-1
12420,11,-1
12480,11,-1
12540,11,-1
12600,11,-1
12660,11,-1
12720,11,-1
12780,11,-1
12840,11,-1
12900,11,-1
12960,11,-1
13020,11,-1
13080,11,-1
13140,11,-1
13200,11,-1
13260,11,-1
13320,11,-1
13380,11,-1
13440,11,-1
13500,11,-1
13560,11,-1
13620,11,-1
13680,11,-1
13740,11,-1
13800,11,-1
13860,11,-1
13920,11,-1
13980,11,-1
14040,11,-1
14100,11,-1
14160,11,-1
14220,11,-1
14280,11,-1
14340,11,-1
14365,11,-1
60,12,-1
120,12,-1
180,12,-1
240,12,-1
300,12,-1
360,12,-1
420,12,-1
480,12,-1
540,12,-1
600,12,-1
660,12,-1
720,12,-1
780,12,-1
840,12,-1
900,12,-1
960,12,-1
1020,12,18.38
1080,12,-1
1140,12,-1
1200,12,-1
1260,12,-1
1320,12,-1
1380,12,-1
1440,12,-1
1500,12,-1
1560,12,-1
1620,12,-1
1680,12,-1
1740,12,-1
1800,12,-1
1860,12,-1
1920,12,-1
1980,12,-1
2040,12,-1
2100,12,-1
2160,12,-1
2220,12,-1
2280,12,-1
2340,12,-1
2400,12,-1
2460,12,-1
2520,12,-1
2580,12,-1
2640,12,-1
2700,12,-1
2760,12,-1
2820,12,-1
2880,12,-1
2940,12,-1
3000,12,-1
3060,12,-1
3120,12,-1
3180,12,-1
3240,12,-1
3300,12,-1
3360,12,-1
3420,12,-1
3480,12,-1
3540,12,-1
3600,12,-1
3660,12,-1
3720,12,-1
3780,12,-1
3840,12,-1
3900,12,-1
3960,12,-1
4020,12,-1
4080,12,-1
4140,12,-1
4200,12,-1
4260,12,-1
4320,12,-1
4380,12,-1
4440,12,-1
4500,12,-1
4560,12,-1
4620,12,-1
4680,12,-1
4740,12,-1
4800,12,-1
4860,12,-1
4920,12,-1
4980,12,-1
5040,12,-1
5100,12,-1
5160,12,-1
5220,12,-1
5280,12,-1
5340,12,-1
5400,12,-1
5460,12,-1
5520,12,-1
5580,12,-1
5640,12,-1
5700,12,-1
5760,12,-1
5820,12,-1
5880,12,-1
5940,12,-1
6000,12,-1
6060,12,-1
6120,12,-1
6180,12,-1
6240,12,-1
6300,12,-1
6360,12,-1
6420,12,-1
6480,12,-1
6540,12,-1
6600,12,-1
6660,12,-1
6720,12,-1
6780,12,-1
6840,12,-1
6900,12,-1
6960,12,-1
7020,12,-1
7080,12,-1
7140,12,-1
7200,12,-1
7260,12,-1
7320,12,-1
7380,12,-1
7440,12,-1
7500,12,-1
7560,12,-1
7620,12,-1
7680,12,-1
7740,12,-1
7800,12,-1
7860,12,-1
7920,12,-1
7980,12,-1
8040,12,-1
8100,12,-1
8160,12,-1
8220,12,-1
8280,12,-1
8340,12,-1
8400,12,-1
8460,12,-1
8520,12,-1
8580,12,-1
8640,12,-1
8700,12,-1
8760,12,-1
8820,12,-1
8880,12,-1
8940,12,-1
9000,12,-1
9060,12,-1
9120,12,-1
9180,12,-1
9240,12,-1
9300,12,-1
9360,12,-1
9420,12,-1
9480,12,-1
9540,12,-1
9600,12,-1
9660,12,-1
9720,12,-1
9780,12,-1
9840,12,-1
9900,12,-1
9960,12,-1
10020,12,-1
10080,12,-1
10140,12,-1
10200,12,-1
10260,12,-1
10320,12,-1
10380,12,-1
10440,12,-1
10500,12,-1
10560,12,-1
10620,12,-1
10680,12,-1
10740,12,-1
10800,12,-1
10860,12,-1
10920,12,-1
10980,12,-1
11040,12,-1
11100,12,-1
11160,12,-1
11220,12,-1
11280,12,-1
11340,12,-1
11400,12,-1
11460,12,-1
11520,12,-1
11580,12,-1
11640,12,-1
11700,12,-1
11760,12,-1
11820,12,-1
11880,12,-1
11940,12,-1
12000,12,-1
12060,12,-1
12120,12,-1
12180,12,-1
12240,12,-1
12300,12,-1
12360,12,-1
12420,12,-1
12480,12,-1
12540,12,-1
12600,12,-1
12660,12,-1
12720,12,-1
12780,12,-1
12840,12,-1
12900,12,-1
12960,12,-1
13020,12,-1
13080,12,-1
13140,12,-1
13200,12,-1
13260,12,-1
13320,12,-1
13380,12,-1
13440,12,-1
13500,12,-1
13560,12,-1
13620,12,-1
13680,12,-1
13740,12,-1
13800,12,-1
13860,12,-1
13920,12,-1
13980,12,-1
14040,12,-1
14100,12,-1
14160,12,-1
14220,12,-1
14280,12,-1
14340,12,-1
14365,12,-1
60,13,-1
120,13,-1
180,13,-1
240,13,-1
300,13,-1
360,13,-1
420,13,-1
480,13,-1
540,13,-1
600,13,-1
660,13,-1
720,13,-1
780,13,-1
840,13,-1
900,13,-1
960,13,-1
1020,13,-1
1080,13,-1
1140,13,-1
1200,13,-1
1260,13,-1
1320,13,-1
1380,13,-1
1440,13,-1
1500,13,-1
1560,13,-1
1620,13,-1
1680,13,-1
1740,13,-1
1800,13,-1
1860,13,-1
1920,13,-1
1980,13,-1
2040,13,-1
2100,13,-1
2160,13,-1
2220,13,-1
2280,13,-1
2340,13,-1
2400,13,-1
2460,13,-1
2520,13,-1
2580,13,-1
2640,13,-1
2700,13,-1
2760,13,-1
2820,13,-1
2880,13,-1
2940,13,-1
3000,13,-1
3060,13,-1
3120,13,-1
3180,13,-1
3240,13,-1
3300,13,-1
3360,13,-1
3420,13,-1
3480,13,-1
3540,13,-1
3600,13,-1
3660,13,-1
3720,13,-1
3780,13,-1
3840,13,-1
3900,13,-1
3960,13,-1
4020,13,-1
4080,13,-1
4140,13,-1
4200,13,-1
4260,13,-1
4320,13,-1
4380,13,-1
4440,13,-1
4500,13,-1
4560,13,-1
4620,13,-1
4680,13,-1
4740,13,-1
4800,13,-1
4860,13,-1
4920,13,-1
4980,13,-1
5040,13,-1
5100,13,-1
5160,13,-1
5220,13,-1
5280,13,-1
5340,13,-1
5400,13,-1
5460,13,-1
5520,13,-1
5580,13,-1
5640,13,-1
5700,13,-1
5760,13,-1
5820,13,-1
5880,13,-1
5940,13,-1
6000,13,-1
6060,13,-1
6120,13,-1
6180,13,-1
6240,13,-1
6300,13,-1
6360,13,-1
6420,13,-1
6480,13,-1
6540,13,-1
6600,13,-1
6660,13,-1
6720,13,-1
6780,13,-1
6840,13,-1
6900,13,-1
6960,13,-1
7020,13,-1
7080,13,-1
7140,13,-1
7200,13,-1
7260,13,-1
7320,13,-1
7380,13,-1
7440,13,-1
7500,13,-1
7560,13,-1
7620,13,-1
7680,13,-1
7740,13,-1
7800,13,-1
7860,13,-1
7920,13,-1
7980,13,-1
8040,13,-1
8100,13,-1
8160,13,-1
8220,13,-1
8280,13,-1
8340,13,-1
8400,13,-1
8460,13,-1
8520,13,-1
8580,13,-1
8640,13,-1
8700,13,-1
8760,13,-1
8820,13,-1
8880,13,-1
8940,13,-1
9000,13,-1
9060,13,-1
9120,13,-1
9180,13,-1
9240,13,-1
9300,13,-1
9360,13,-1
9420,13,-1
9480,13,-1
9540,13,-1
9600,13,-1
9660,13,-1
9720,13,-1
9780,13,-1
9840,13,-1
9900,13,-1
9960,13,-1
10020,13,-1
10080,13,-1
10140,13,-1
10200,13,-1
10260,13,-1
10320,13,-1
10380,13,-1
10440,13,-1
10500,13,-1
10560,13,-1
10620,13,-1
10680,13,-1
10740,13,-1
10800,13,-1
10860,13,-1
10920,13,-1
10980,13,-1
11040,13,-1
11100,13,-1
11160,13,-1
11220,13,-1
11280,13,-1
11340,13,-1
11400,13,-1
11460,13,-1
11520,13,-1
11580,13,-1
11640,13,-1
11700,13,-1
11760,13,-1
11820,13,-1
11880,13,-1
11940,13,-1
12000,13,-1
12060,13,-1
12120,13,-1
12180,13,-1
12240,13,-1
12300,13,-1
12360,13,-1
12420,13,-1
12480,13,-1
12540,13,-1
12600,13,-1
12660,13,-1
12720,13,-1
12780,13,-1
12840,13,-1
12900,13,-1
12960,13,-1
13020,13,-1
13080,13,-1
13140,13,-1
13200,13,-1
13260,13,-1
13320,13,-1
13380,13,-1
13440,13,-1
13500,13,-1
13560,13,-1
13620,13,-1
13680,13,-1
13740,13,-1
13800,13,-1
13860,13,-1
13920,13,-1
13980,13,-1
14040,13,-1
14100,13,-1
14160,13,-1
14220,13,-1
14280,13,-1
14340,13,-1
14365,13,-1
60,14,-1
120,14,-1
180,14,-1
240,14,-1
300,14,-1
360,14,-1
420,14,-1
480,14,-1
540,14,-1
600,14,-1
660,14,-1
720,14,-1
780,14,-1
840,14,-1
900,14,-1
960,14,-1
1020,14,-1
1080,14,-1
1140,14,-1
1200,14,-1
1260,14,-1
1320,14,-1
1380,14,-1
1440,14,-1
1500,14,-1
1560,14,-1
1620,14,-1
1680,14,-1
1740,14,-1
1800,14,-1
1860,14,-1
1920,14,-1
1980,14,-1
2040,14,-1
2100,14,-1
2160,14,-1
2220,14,-1
2280,14,-1
2340,14,-1
2400,14,-1
2460,14,-1
2520,14,-1
2580,14,-1
2640,14,-1
2700,14,-1
2760,14,-1
2820,14,-1
2880,14,-1
2940,14,-1
3000,14,-1
3060,14,-1
3120,14,-1
3180,14,-1
3240,14,-1
3300,14,-1
3360,14,-1
3420,14,-1
3480,14,-1
3540,14,-1
3600,14,-1
3660,14,-1
3720,14,-1
3780,14,-1
3840,14,-1
3900,14,-1
3960,14,-1
4020,14,-1
4080,14,-1
4140,14,-1
4200,14,-1
4260,14,-1
4320,14,-1
4380,14,-1
4440,14,-1
4500,14,-1
4560,14,-1
4620,14,-1
4680,14,-1
4740,14,-1
4800,14,-1
4860,14,-1
4920,14,-1
4980,14,-1
5040,14,-1
5100,14,-1
5160,14,-1
5220,14,-1
5280,14,-1
5340,14,-1
5400,14,-1
5460,14,-1
5520,14,-1
5580,14,-1
5640,14,-1
5700,14,-1
5760,14,-1
5820,14,-1
5880,14,-1
5940,14,-1
6000,14,-1
6060,14,-1
6120,14,-1
6180,14,-1
6240,14,-1
6300,14,-1
6360,14,-1
6420,14,-1
6480,14,-1
6540,14,-1
6600,14,-1
6660,14,-1
6720,14,-1
6780,14,-1
6840,14,-1
6900,14,-1
6960,14,-1
7020,14,-1
7080,14,-1
7140,14,-1
7200,14,-1
7260,14,-1
7320,14,-1
7380,14,-1
7440,14,-1
7500,14,-1
7560,14,-1
7620,14,-1
7680,14,-1
7740,14,-1
7800,14,-1
7860,14,-1
7920,14,-1
7980,14,-1
8040,14,-1
8100,14,-1
8160,14,-1
8220,14,-1
8280,14,-1
8340,14,-1
8400,14,-1
8460,14,-1
8520,14,-1
8580,14,-1
8640,14,-1
8700,14,-1
8760,14,-1
8820,14,-1
8880,14,-1
8940,14,-1
9000,14,-1
9060,14,-1
9120,14,-1
9180,14,-1
9240,14,-1
9300,14,-1
9360,14,-1
9420,14,-1
9480,14,-1
9540,14,-1
9600,14,-1
9660,14,-1
9720,14,-1
9780,14,-1
9840,14,-1
9900,14,-1
9960,14,-1
10020,14,-1
10080,14,-1
10140,14,-1
10200,14,-1
10260,14,-1
10320,14,-1
10380,14,-1
10440,14,-1
10500,14,-1
10560,14,-1
10620,14,-1
10680,14,-1
10740,14,-1
10800,14,-1
10860,14,-1
10920,14,-1
10980,14,-1
11040,14,-1
11100,14,-1
11160,14,-1
11220,14,-1
11280,14,-1
11340,14,-1
11400,14,-1
11460,14,-1
11520,14,-1
11580,14,-1
11640,14,-1
11700,14,-1
11760,14,-1
11820,14,-1
11880,14,-1
11940,14,-1
12000,14,-1
12060,14,-1
12120,14,-1
12180,14,-1
12240,14,-1
12300,14,-1
12360,14,-1
12420,14,-1
12480,14,-1
12540,14,-1
12600,14,-1
12660,14,-1
12720,14,-1
12780,14,-1
12840,14,-1
12900,14,-1
12960,14,-1
13020,14,-1
13080,14,-1
13140,14,-1
13200,14,-1
13260,14,-1
13320,14,-1
13380,14,-1
13440,14,-1
13500,14,-1
13560,14,-1
13620,14,-1
13680,14,-1
13740,14,-1
13800,14,-1
13860,14,-1
13920,14,-1
13980,14,-1
14040,14,-1
14100,14,-1
14160,14,-1
14220,14,-1
14280,14,-1
14340,14,-1
14365,14,-1
60,15,-1
120,15,-1
180,15,-1
240,15,-1
300,15,-1
360,15,-1
420,15,-1
480,15,-1
540,15,-1
600,15,-1
660,15,-1
720,15,-1
780,15,-1
840,15,-1
900,15,-1
960,15,-1
1020,15,-1
1080,15,-1
1140,15,-1
1200,15,-1
1260,15,-1
1320,15,-1
1380,15,-1
1440,15,-1
1500,15,-1
1560,15,-1
1620,15,-1
1680,15,-1
1740,15,-1
1800,15,-1
1860,15,-1
1920,15,-1
1980,15,-1
2040,15,-1
2100,15,-1
2160,15,-1
2220,15,-1
2280,15,-1
2340,15,-1
2400,15,-1
2460,15,-1
2520,15,-1
2580,15,-1
2640,15,-1
2700,15,-1
2760,15,-1
2820,15,-1
2880,15,-1
2940,15,-1
3000,15,-1
3060,15,-1
3120,15,-1
3180,15,-1
3240,15,-1
3300,15,-1
3360,15,-1
3420,15,-1
3480,15,-1
3540,15,-1
3600,15,-1
3660,15,-1
3720,15,-1
3780,15,-1
3840,15,-1
3900,15,-1
3960,15,-1
4020,15,-1
4080,15,-1
4140,15,-1
4200,15,-1
4260,15,-1
4320,15,-1
4380,15,-1
4440,15,-1
4500,15,-1
4560,15,-1
4620,15,-1
4680,15,-1
4740,15,-1
4800,15,-1
4860,15,-1
4920,15,-1
4980,15,-1
5040,15,-1
5100,15,-1
5160,15,-1
5220,15,-1
5280,15,-1
5340,15,-1
5400,15,-1
5460,15,-1
5520,15,-1
5580,15,-1
5640,15,-1
5700,15,-1
5760,15,-1
5820,15,-1
5880,15,-1
5940,15,-1
6000,15,-1
6060,15,-1
6120,15,-1
6180,15,-1
6240,15,-1
6300,15,-1
6360,15,-1
6420,15,-1
6480,15,-1
6540,15,-1
6600,15,-1
6660,15,-1
6720,15,-1
6780,15,-1
6840,15,-1
6900,15,-1
6960,15,-1
7020,15,-1
7080,15,-1
7140,15,-1
7200,15,-1
7260,15,-1
7320,15,-1
7380,15,-1
7440,15,-1
7500,15,-1
7560,15,-1
7620,15,-1
7680,15,-1
7740,15,-1
7800,15,-1
7860,15,-1
7920,15,-1
7980,15,-1
8040,15,-1
8100,15,-1
8160,15,-1
8220,15,-1
8280,15,-1
8340,15,-1
8400,15,-1
8460,15,-1
8520,15,-1
8580,15,-1
8640,15,-1
8700,15,-1
8760,15,-1
8820,15,-1
8880,15,-1
8940,15,-1
9000,15,-1
9060,15,-1
9120,15,-1
9180,15,-1
9240,15,-1
9300,15,-1
9360,15,-1
9420,15,-1
9480,15,-1
9540,15,-1
9600,15,-1
9660,15,-1
9720,15,-1
9780,15,-1
9840,15,-1
9900,15,-1
9960,15,-1
10020,15,-1
10080,15,-1
10140,15,-1
10200,15,-1
10260,15,-1
10320,15,-1
10380,15,-1
10440,15,-1
10500,15,-1
10560,15,-1
10620,15,-1
10680,15,-1
10740,15,-1
10800,15,-1
10860,15,-1
10920,15,-1
10980,15,-1
11040,15,-1
11100,15,-1
11160,15,-1
11220,15,-1
11280,15,-1
11340,15,-1
11400,15,-1
11460,15,-1
11520,15,-1
11580,15,-1
11640,15,-1
11700,15,-1
11760,15,-1
11820,15,-1
11880,15,-1
11940,15,-1
12000,15,-1
12060,15,-1
12120,15,-1
12180,15,-1
12240,15,-1
12300,15,-1
12360,15,-1
12420,15,-1
12480,15,-1
12540,15,-1
12600,15,-1
12660,15,-1
12720,15,-1
12780,15,-1
12840,15,-1
12900,15,-1
12960,15,-1
13020,15,-1
13080,15,-1
13140,15,-1
13200,15,-1
13260,15,-1
13320,15,-1
13380,15,-1
13440,15,-1
13500,15,-1
13560,15,-1
13620,15,-1
13680,15,-1
13740,15,-1
13800,15,-1
13860,15,-1
13920,15,-1
13980,15,-1
14040,15,-1
14100,15,-1
14160,15,-1
14220,15,-1
14280,15,-1
14340,15,-1
14365,15,-1
60,16,-1
120,16,-1
180,16,-1
240,16,-1
300,16,-1
360,16,-1
420,16,-1
480,16,-1
540,16,-1
600,16,-1
660,16,-1
720,16,-1
780,16,-1
840,16,-1
900,16,-1
960,16,-1
1020,16,-1
1080,16,-1
1140,16,-1
1200,16,-1
1260,16,-1
1320,16,-1
1380,16,-1
1440,16,-1
1500,16,-1
1560,16,-1
1620,16,-1
1680,16,-1
1740,16,-1
1800,16,-1
1860,16,-1
1920,16,-1
1980,16,-1
2040,16,-1
2100,16,-1
2160,16,-1
2220,16,-1
2280,16,-1
2340,16,-1
2400,16,-1
2460,16,-1
2520,16,-1
2580,16,-1
2640,16,-1
2700,16,-1
2760,16,-1
2820,16,-1
2880,16,-1
2940,16,-1
3000,16,-1
3060,16,-1
3120,16,-1
3180,16,-1
3240,16,-1
3300,16,-1
3360,16,-1
3420,16,-1
3480,16,-1
3540,16,-1
3600,16,-1
3660,16,-1
3720,16,-1
3780,16,-1
3840,16,-1
3900,16,-1
3960,16,-1
4020,16,-1
4080,16,-1
4140,16,-1
4200,16,-1
4260,16,-1
4320,16,-1
4380,16,-1
4440,16,-1
4500,16,-1
4560,16,-1
4620,16,-1
4680,16,-1
4740,16,-1
4800,16,-1
4860,16,-1
4920,16,-1
4980,16,-1
5040,16,-1
5100,16,-1
5160,16,-1
5220,16,-1
5280,16,-1
5340,16,-1
5400,16,-1
5460,16,-1
5520,16,-1
5580,16,-1
5640,16,-1
5700,16,-1
5760,16,-1
5820,16,-1
5880,16,-1
5940,16,-1
6000,16,-1
6060,16,-1
6120,16,-1
6180,16,-1
6240,16,-1
6300,16,-1
6360,16,-1
6420,16,-1
6480,16,-1
6540,16,-1
6600,16,-1
6660,16,-1
6720,16,-1
6780,16,-1
6840,16,-1
6900,16,-1
6960,16,-1
7020,16,-1
7080,16,-1
7140,16,-1
7200,16,-1
7260,16,-1
7320,16,-1
7380,16,-1
7440,16,-1
7500,16,-1
7560,16,-1
7620,16,-1
7680,16,-1
7740,16,-1
7800,16,-1
7860,16,-1
7920,16,-1
7980,16,-1
8040,16,-1
8100,16,-1
8160,16,-1
8220,16,-1
8280,16,-1
8340,16,-1
8400,16,-1
8460,16,-1
8520,16,-1
8580,16,-1
8640,16,-1
8700,16,-1
8760,16,-1
8820,16,-1
8880,16,-1
8940,16,-1
9000,16,-1
9060,16,-1
9120,16,-1
9180,16,-1
9240,16,-1
9300,16,-1
9360,16,-1
9420,16,-1
9480,16,-1
9540,16,-1
9600,16,-1
9660,16,-1
9720,16,-1
9780,16,-1
9840,16,-1
9900,16,-1
9960,16,-1
10020,16,-1
10080,16,-1
10140,16,-1
10200,16,-1
10260,16,-1
10320,16,-1
10380,16,-1
10440,16,-1
10500,16,-1
10560,16,-1
10620,16,-1
10680,16,-1
10740,16,-1
10800,16,-1
10860,16,-1
10920,16,-1
10980,16,-1
11040,16,-1
11100,16,-1
11160,16,-1
11220,16,-1
11280,16,-1
11340,16,-1
11400,16,-1
11460,16,-1
11520,16,-1
11580,16,-1
11640,16,-1
11700,16,-1
11760,16,-1
11820,16,-1
11880,16,-1
11940,16,-1
12000,16,-1
12060,16,-1
12120,16,-1
12180,16,-1
12240,16,-1
12300,16,-1
12360,16,-1
12420,16,-1
12480,16,-1
12540,16,-1
12600,16,-1
12660,16,-1
12720,16,-1
12780,16,-1
12840,16,-1
12900,16,-1
12960,16,-1
13020,16,-1
13080,16,-1
13140,16,-1
13200,16,-1
13260,16,-1
13320,16,-1
13380,16,-1
13440,16,-1
13500,16,-1
13560,16,-1
13620,16,-1
13680,16,-1
13740,16,-1
13800,16,-1
13860,16,-1
13920,16,-1
13980,16,-1
14040,16,-1
14100,16,-1
14160,16,-1
14220,16,-1
14280,16,-1
14340,16,-1
14365,16,-1
